# Blender 5.1.0
# www.blender.org
mtllib lightfixture.mtl
o Sphere
v 0.014561 1.221755 -0.073201
v 0.000000 0.813434 -0.555570
v 0.000000 0.555570 -0.831470
v 0.000000 0.195090 -0.980785
v 0.000000 0.000000 -1.000000
v 0.038060 1.119690 -0.191342
v 0.074658 0.888819 -0.375330
v 0.108386 0.813434 -0.544895
v 0.137950 0.707107 -0.693520
v 0.162212 0.555570 -0.815493
v 0.180240 0.382683 -0.906127
v 0.191342 0.195090 -0.961940
v 0.195090 0.000000 -0.980785
v 0.074658 1.119690 -0.180240
v 0.146447 0.888819 -0.353553
v 0.212608 0.813434 -0.513280
v 0.270598 0.707107 -0.653281
v 0.318190 0.555570 -0.768178
v 0.353553 0.382683 -0.853553
v 0.375330 0.195090 -0.906127
v 0.382683 0.000000 -0.923879
v 0.108386 1.119690 -0.162212
v 0.212608 0.888819 -0.318190
v 0.308658 0.813434 -0.461940
v 0.392847 0.707107 -0.587938
v 0.461940 0.555570 -0.691342
v 0.513280 0.382683 -0.768178
v 0.544895 0.195090 -0.815493
v 0.555570 0.000000 -0.831469
v 0.137950 1.119690 -0.137950
v 0.270598 0.888819 -0.270598
v 0.392847 0.813434 -0.392847
v 0.500000 0.707107 -0.500000
v 0.587938 0.555570 -0.587938
v 0.653281 0.382683 -0.653281
v 0.693520 0.195090 -0.693520
v 0.707107 0.000000 -0.707107
v 0.162212 1.119690 -0.108386
v 0.318190 0.888819 -0.212608
v 0.461940 0.813434 -0.308658
v 0.587938 0.707107 -0.392847
v 0.691342 0.555570 -0.461940
v 0.768178 0.382683 -0.513280
v 0.815493 0.195090 -0.544895
v 0.831470 0.000000 -0.555570
v 0.180240 1.119690 -0.074658
v 0.353553 0.888819 -0.146447
v 0.513280 0.813434 -0.212607
v 0.653281 0.707107 -0.270598
v 0.768178 0.555570 -0.318190
v 0.853553 0.382683 -0.353553
v 0.906127 0.195090 -0.375330
v 0.923879 0.000000 -0.382683
v 0.191342 1.119690 -0.038060
v 0.375330 0.888819 -0.074658
v 0.544895 0.813434 -0.108386
v 0.693520 0.707107 -0.137950
v 0.815493 0.555570 -0.162212
v 0.906127 0.382683 -0.180240
v 0.961940 0.195090 -0.191342
v 0.980785 0.000000 -0.195090
v 0.195090 1.119690 0.000000
v 0.382683 0.888819 0.000000
v 0.555570 0.813434 0.000000
v 0.707107 0.707107 -0.000000
v 0.831469 0.555570 0.000000
v 0.923879 0.382683 -0.000000
v 0.980785 0.195090 0.000000
v 1.000000 0.000000 0.000000
v 0.191342 1.119690 0.038060
v 0.375330 0.888819 0.074658
v 0.544895 0.813434 0.108386
v 0.693520 0.707107 0.137950
v 0.815493 0.555570 0.162212
v 0.906127 0.382683 0.180240
v 0.961940 0.195090 0.191342
v 0.980785 0.000000 0.195090
v 0.180240 1.119690 0.074658
v 0.353553 0.888819 0.146447
v 0.513280 0.813434 0.212608
v 0.653281 0.707107 0.270598
v 0.768178 0.555570 0.318190
v 0.853553 0.382683 0.353553
v 0.906127 0.195090 0.375330
v 0.923879 0.000000 0.382683
v 0.162212 1.119690 0.108386
v 0.318190 0.888819 0.212608
v 0.461940 0.813434 0.308658
v 0.587938 0.707107 0.392847
v 0.691341 0.555570 0.461940
v 0.768178 0.382683 0.513280
v 0.815493 0.195090 0.544895
v 0.831469 0.000000 0.555570
v 0.137950 1.119690 0.137950
v 0.270598 0.888819 0.270598
v 0.392847 0.813434 0.392847
v 0.500000 0.707107 0.500000
v 0.587938 0.555570 0.587938
v 0.653281 0.382683 0.653281
v 0.693520 0.195090 0.693520
v 0.707106 0.000000 0.707107
v 0.108386 1.119690 0.162212
v 0.212607 0.888819 0.318190
v 0.308658 0.813434 0.461940
v 0.392847 0.707107 0.587938
v 0.461940 0.555570 0.691342
v 0.513280 0.382683 0.768178
v 0.544895 0.195090 0.815493
v 0.555570 0.000000 0.831469
v 0.074658 1.119690 0.180240
v 0.146447 0.888819 0.353553
v 0.212607 0.813434 0.513280
v 0.270598 0.707107 0.653281
v 0.318189 0.555570 0.768178
v 0.353553 0.382683 0.853553
v 0.375330 0.195090 0.906127
v 0.382683 0.000000 0.923879
v 0.038060 1.119690 0.191342
v 0.074658 0.888819 0.375330
v 0.108386 0.813434 0.544895
v 0.137950 0.707107 0.693520
v 0.162212 0.555570 0.815493
v 0.180240 0.382683 0.906127
v 0.191342 0.195090 0.961939
v 0.195090 0.000000 0.980785
v -0.000000 1.119690 0.195090
v -0.000000 0.888819 0.382683
v -0.000000 0.813434 0.555570
v -0.000000 0.707107 0.707107
v -0.000000 0.555570 0.831469
v 0.000000 0.382683 0.923879
v -0.000000 0.195090 0.980785
v -0.000000 0.000000 0.999999
v -0.038060 1.119690 0.191342
v -0.074658 0.888819 0.375330
v -0.108386 0.813434 0.544895
v -0.137950 0.707107 0.693520
v -0.162212 0.555570 0.815493
v -0.180240 0.382683 0.906127
v -0.191342 0.195090 0.961939
v -0.195091 0.000000 0.980785
v -0.074658 1.119690 0.180240
v -0.146447 0.888819 0.353553
v -0.212608 0.813434 0.513280
v -0.270598 0.707107 0.653281
v -0.318190 0.555570 0.768177
v -0.353553 0.382683 0.853553
v -0.375330 0.195090 0.906127
v -0.382683 0.000000 0.923879
v -0.108386 1.119690 0.162212
v -0.212608 0.888819 0.318190
v -0.308658 0.813434 0.461939
v -0.392847 0.707107 0.587938
v -0.461940 0.555570 0.691341
v -0.513280 0.382683 0.768178
v -0.544895 0.195090 0.815493
v -0.555570 0.000000 0.831469
v -0.137950 1.119690 0.137950
v -0.270598 0.888819 0.270598
v -0.392847 0.813434 0.392847
v -0.500000 0.707107 0.500000
v -0.587938 0.555570 0.587937
v -0.653281 0.382683 0.653281
v -0.693520 0.195090 0.693520
v -0.707106 0.000000 0.707106
v -0.162212 1.119690 0.108386
v -0.318190 0.888819 0.212607
v -0.461940 0.813434 0.308658
v -0.587938 0.707107 0.392847
v -0.691341 0.555570 0.461939
v -0.768177 0.382683 0.513280
v -0.815493 0.195090 0.544895
v -0.831469 0.000000 0.555569
v -0.180240 1.119690 0.074658
v -0.353553 0.888819 0.146447
v -0.513280 0.813434 0.212607
v -0.653281 0.707107 0.270598
v -0.768177 0.555570 0.318189
v -0.853553 0.382683 0.353553
v -0.906127 0.195090 0.375330
v -0.923879 0.000000 0.382683
v -0.191342 1.119690 0.038060
v -0.375330 0.888819 0.074658
v -0.544895 0.813434 0.108386
v -0.693520 0.707107 0.137950
v -0.815493 0.555570 0.162211
v -0.906127 0.382683 0.180240
v -0.961939 0.195090 0.191341
v -0.980784 0.000000 0.195090
v 0.000000 1.221755 -0.074635
v -0.014561 1.221755 -0.073201
v -0.028562 1.221755 -0.068954
v -0.041465 1.221755 -0.062057
v -0.052775 1.221755 -0.052775
v -0.062057 1.221755 -0.041465
v -0.068954 1.221755 -0.028562
v -0.195090 1.119690 -0.000000
v -0.382683 0.888819 -0.000000
v -0.555570 0.813434 -0.000000
v -0.707107 0.707107 -0.000000
v -0.831469 0.555570 -0.000000
v -0.923879 0.382683 -0.000000
v -0.980785 0.195090 -0.000000
v -0.999999 0.000000 -0.000000
v -0.073201 1.221755 -0.014561
v -0.074635 1.221755 -0.000000
v -0.073201 1.221755 0.014561
v -0.068954 1.221755 0.028562
v -0.062057 1.221755 0.041465
v -0.052775 1.221755 0.052775
v -0.041465 1.221755 0.062057
v -0.191342 1.119690 -0.038060
v -0.375330 0.888819 -0.074658
v -0.544895 0.813434 -0.108386
v -0.693520 0.707107 -0.137950
v -0.815493 0.555570 -0.162212
v -0.906127 0.382683 -0.180240
v -0.961939 0.195090 -0.191342
v -0.980784 0.000000 -0.195091
v -0.028562 1.221755 0.068954
v -0.014561 1.221755 0.073201
v 0.000000 1.221755 0.074635
v 0.014561 1.221755 0.073201
v 0.028562 1.221755 0.068954
v 0.041465 1.221755 0.062057
v 0.052775 1.221755 0.052775
v -0.180240 1.119690 -0.074658
v -0.353553 0.888819 -0.146447
v -0.513279 0.813434 -0.212607
v -0.653281 0.707107 -0.270598
v -0.768177 0.555570 -0.318190
v -0.853553 0.382683 -0.353553
v -0.906127 0.195090 -0.375330
v -0.923878 0.000000 -0.382683
v 0.062057 1.221755 0.041465
v 0.068954 1.221755 0.028562
v 0.073201 1.221755 0.014561
v 0.074635 1.221755 0.000000
v 0.073201 1.221755 -0.014561
v 0.068954 1.221755 -0.028562
v 0.062057 1.221755 -0.041465
v -0.162212 1.119690 -0.108386
v -0.318189 0.888819 -0.212607
v -0.461939 0.813434 -0.308658
v -0.587938 0.707107 -0.392847
v -0.691341 0.555570 -0.461940
v -0.768177 0.382683 -0.513280
v -0.815493 0.195090 -0.544895
v -0.831468 0.000000 -0.555570
v 0.052775 1.221755 -0.052775
v 0.041465 1.221755 -0.062057
v 0.028562 1.221755 -0.068954
v 0.000000 0.995231 -0.288887
v -0.056359 0.995231 -0.283336
v -0.110552 0.995231 -0.266896
v -0.160497 0.995231 -0.240201
v -0.137950 1.119690 -0.137950
v -0.270598 0.888819 -0.270598
v -0.392847 0.813434 -0.392847
v -0.500000 0.707107 -0.500000
v -0.587937 0.555570 -0.587938
v -0.653281 0.382683 -0.653281
v -0.693519 0.195090 -0.693520
v -0.707106 0.000000 -0.707106
v -0.204274 0.995231 -0.204274
v -0.240200 0.995231 -0.160497
v -0.266896 0.995231 -0.110552
v -0.283336 0.995231 -0.056359
v -0.288887 0.995231 -0.000000
v -0.283336 0.995231 0.056359
v -0.266897 0.995231 0.110552
v -0.108386 1.119690 -0.162212
v -0.212607 0.888819 -0.318190
v -0.308658 0.813434 -0.461939
v -0.392847 0.707107 -0.587938
v -0.461939 0.555570 -0.691341
v -0.513280 0.382683 -0.768177
v -0.544895 0.195090 -0.815493
v -0.555569 0.000000 -0.831469
v -0.240201 0.995231 0.160497
v -0.204274 0.995231 0.204274
v -0.160497 0.995231 0.240201
v -0.110552 0.995231 0.266897
v -0.056359 0.995231 0.283336
v -0.000000 0.995231 0.288887
v 0.056359 0.995231 0.283336
v -0.074658 1.119690 -0.180240
v -0.146446 0.888819 -0.353553
v -0.212607 0.813434 -0.513279
v -0.270598 0.707107 -0.653281
v -0.318189 0.555570 -0.768177
v -0.353553 0.382683 -0.853553
v -0.375330 0.195090 -0.906127
v -0.382683 0.000000 -0.923879
v 0.110552 0.995231 0.266897
v 0.160497 0.995231 0.240201
v 0.204274 0.995231 0.204274
v 0.240201 0.995231 0.160497
v 0.266897 0.995231 0.110552
v 0.283336 0.995231 0.056359
v 0.288887 0.995231 0.000000
v -0.038060 1.119690 -0.191342
v -0.074658 0.888819 -0.375330
v -0.108386 0.813434 -0.544895
v -0.137950 0.707107 -0.693520
v -0.162211 0.555570 -0.815493
v -0.180240 0.382683 -0.906127
v -0.191341 0.195090 -0.961939
v -0.195090 0.000000 -0.980784
v 0.283336 0.995231 -0.056359
v 0.266897 0.995231 -0.110552
v 0.240201 0.995231 -0.160497
v 0.204274 0.995231 -0.204274
v 0.160497 0.995231 -0.240201
v 0.110552 0.995231 -0.266897
v 0.056359 0.995231 -0.283336
v 0.000000 1.119690 -0.195090
v 0.000000 0.888819 -0.382683
v 0.000000 0.707107 -0.707107
v 0.000000 0.382683 -0.923879
v 0.014561 2.994072 -0.073201
v 0.000000 2.994072 -0.074635
v -0.014561 2.994072 -0.073201
v -0.028562 2.994072 -0.068954
v -0.041465 2.994072 -0.062057
v -0.052775 2.994072 -0.052775
v -0.062057 2.994072 -0.041465
v -0.068954 2.994072 -0.028562
v -0.073201 2.994072 -0.014561
v -0.074635 2.994072 -0.000000
v -0.073201 2.994072 0.014561
v -0.068954 2.994072 0.028562
v -0.062057 2.994072 0.041465
v -0.052775 2.994072 0.052775
v -0.041465 2.994072 0.062057
v -0.028562 2.994072 0.068954
v -0.014561 2.994072 0.073201
v 0.000000 2.994072 0.074635
v 0.014561 2.994072 0.073201
v 0.028562 2.994072 0.068954
v 0.041465 2.994072 0.062057
v 0.052775 2.994072 0.052775
v 0.062057 2.994072 0.041465
v 0.068954 2.994072 0.028562
v 0.073201 2.994072 0.014561
v 0.074635 2.994072 0.000000
v 0.073201 2.994072 -0.014561
v 0.068954 2.994072 -0.028562
v 0.062057 2.994072 -0.041465
v 0.052775 2.994072 -0.052775
v 0.041465 2.994072 -0.062057
v 0.028562 2.994072 -0.068954
v 0.054922 2.994072 -0.276109
v 0.000000 2.994072 -0.281518
v -0.054922 2.994072 -0.276109
v -0.107732 2.994072 -0.260089
v -0.156403 2.994072 -0.234074
v -0.199064 2.994072 -0.199064
v -0.234074 2.994072 -0.156403
v -0.260089 2.994072 -0.107733
v -0.276109 2.994072 -0.054922
v -0.281519 2.994072 -0.000000
v -0.276109 2.994072 0.054922
v -0.260089 2.994072 0.107732
v -0.234074 2.994072 0.156403
v -0.199064 2.994072 0.199064
v -0.156403 2.994072 0.234074
v -0.107733 2.994072 0.260089
v -0.054922 2.994072 0.276109
v -0.000000 2.994072 0.281519
v 0.054922 2.994072 0.276109
v 0.107732 2.994072 0.260089
v 0.156403 2.994072 0.234074
v 0.199064 2.994072 0.199064
v 0.234074 2.994072 0.156403
v 0.260089 2.994072 0.107733
v 0.276109 2.994072 0.054922
v 0.281519 2.994072 0.000000
v 0.276109 2.994072 -0.054922
v 0.260089 2.994072 -0.107733
v 0.234074 2.994072 -0.156403
v 0.199064 2.994072 -0.199064
v 0.156403 2.994072 -0.234074
v 0.107733 2.994072 -0.260089
v 0.054922 3.103619 -0.276109
v 0.000000 3.103619 -0.281518
v -0.054922 3.103619 -0.276109
v -0.107732 3.103619 -0.260089
v -0.156403 3.103619 -0.234074
v -0.199064 3.103619 -0.199064
v -0.234074 3.103619 -0.156403
v -0.260089 3.103619 -0.107733
v -0.276109 3.103619 -0.054922
v -0.281519 3.103619 -0.000000
v -0.276109 3.103619 0.054922
v -0.260089 3.103619 0.107732
v -0.234074 3.103619 0.156403
v -0.199064 3.103619 0.199064
v -0.156403 3.103619 0.234074
v -0.107733 3.103619 0.260089
v -0.054922 3.103619 0.276109
v -0.000000 3.103619 0.281519
v 0.054922 3.103619 0.276109
v 0.107732 3.103619 0.260089
v 0.156403 3.103619 0.234074
v 0.199064 3.103619 0.199064
v 0.234074 3.103619 0.156403
v 0.260089 3.103619 0.107733
v 0.276109 3.103619 0.054922
v 0.281519 3.103619 0.000000
v 0.276109 3.103619 -0.054922
v 0.260089 3.103619 -0.107733
v 0.234074 3.103619 -0.156403
v 0.199064 3.103619 -0.199064
v 0.156403 3.103619 -0.234074
v 0.107733 3.103619 -0.260089
v 0.012800 1.217447 -0.064350
v 0.000000 0.804741 -0.550628
v 0.000000 0.550043 -0.823136
v 0.000000 0.193151 -0.970975
v 0.000000 -0.000980 -0.990048
v 0.036636 1.112858 -0.184180
v 0.073526 0.880672 -0.369642
v 0.107422 0.804741 -0.540048
v 0.136614 0.699816 -0.686807
v 0.160586 0.550043 -0.807320
v 0.178436 0.378878 -0.897057
v 0.189428 0.193151 -0.952318
v 0.193149 -0.000980 -0.971025
v 0.071863 1.112858 -0.173493
v 0.144227 0.880672 -0.348195
v 0.210716 0.804741 -0.508714
v 0.267979 0.699816 -0.646958
v 0.315001 0.550043 -0.760479
v 0.350014 0.378878 -0.845010
v 0.371576 0.193151 -0.897064
v 0.378875 -0.000980 -0.914685
v 0.104329 1.112858 -0.156140
v 0.209385 0.880672 -0.313367
v 0.305913 0.804741 -0.457830
v 0.389045 0.699816 -0.582247
v 0.457310 0.550043 -0.684413
v 0.508142 0.378878 -0.760489
v 0.539445 0.193151 -0.807336
v 0.550041 -0.000980 -0.823195
v 0.132786 1.112858 -0.132786
v 0.266497 0.880672 -0.266497
v 0.389353 0.804741 -0.389353
v 0.495160 0.699816 -0.495160
v 0.582045 0.550043 -0.582045
v 0.646742 0.378878 -0.646742
v 0.686583 0.193151 -0.686583
v 0.700070 -0.000980 -0.700070
v 0.156140 1.112858 -0.104329
v 0.313367 0.880672 -0.209385
v 0.457830 0.804741 -0.305912
v 0.582247 0.699816 -0.389045
v 0.684413 0.550043 -0.457310
v 0.760489 0.378878 -0.508142
v 0.807336 0.193151 -0.539445
v 0.823195 -0.000980 -0.550041
v 0.173493 1.112858 -0.071863
v 0.348195 0.880672 -0.144227
v 0.508714 0.804741 -0.210716
v 0.646958 0.699816 -0.267979
v 0.760479 0.550043 -0.315000
v 0.845010 0.378878 -0.350014
v 0.897064 0.193151 -0.371576
v 0.914685 -0.000980 -0.378875
v 0.184180 1.112858 -0.036636
v 0.369642 0.880672 -0.073526
v 0.540048 0.804741 -0.107422
v 0.686807 0.699816 -0.136614
v 0.807320 0.550043 -0.160586
v 0.897057 0.378878 -0.178436
v 0.952318 0.193151 -0.189428
v 0.971024 -0.000980 -0.193149
v 0.187788 1.112858 0.000000
v 0.376884 0.880672 0.000000
v 0.550628 0.804741 0.000000
v 0.700262 0.699816 -0.000000
v 0.823136 0.550043 0.000000
v 0.914632 0.378878 -0.000000
v 0.970975 0.193151 0.000000
v 0.990048 -0.000980 0.000000
v 0.184180 1.112858 0.036636
v 0.369642 0.880672 0.073526
v 0.540048 0.804741 0.107422
v 0.686807 0.699816 0.136614
v 0.807320 0.550043 0.160586
v 0.897057 0.378878 0.178436
v 0.952318 0.193151 0.189428
v 0.971024 -0.000980 0.193149
v 0.173493 1.112859 0.071863
v 0.348195 0.880672 0.144227
v 0.508714 0.804741 0.210716
v 0.646958 0.699816 0.267979
v 0.760478 0.550043 0.315001
v 0.845010 0.378878 0.350014
v 0.897064 0.193151 0.371576
v 0.914685 -0.000980 0.378875
v 0.156140 1.112859 0.104329
v 0.313367 0.880672 0.209385
v 0.457830 0.804741 0.305912
v 0.582247 0.699816 0.389045
v 0.684412 0.550043 0.457310
v 0.760489 0.378878 0.508142
v 0.807336 0.193151 0.539445
v 0.823194 -0.000980 0.550041
v 0.132786 1.112859 0.132786
v 0.266497 0.880672 0.266497
v 0.389353 0.804741 0.389353
v 0.495160 0.699816 0.495160
v 0.582045 0.550043 0.582045
v 0.646742 0.378878 0.646742
v 0.686583 0.193151 0.686583
v 0.700069 -0.000980 0.700070
v 0.104329 1.112859 0.156140
v 0.209385 0.880672 0.313367
v 0.305912 0.804741 0.457830
v 0.389045 0.699816 0.582247
v 0.457310 0.550043 0.684413
v 0.508142 0.378878 0.760488
v 0.539445 0.193151 0.807336
v 0.550041 -0.000980 0.823195
v 0.071863 1.112859 0.173493
v 0.144227 0.880672 0.348195
v 0.210716 0.804741 0.508714
v 0.267979 0.699816 0.646958
v 0.315000 0.550043 0.760478
v 0.350014 0.378878 0.845009
v 0.371576 0.193151 0.897064
v 0.378875 -0.000980 0.914685
v 0.036636 1.112859 0.184180
v 0.073526 0.880672 0.369642
v 0.107422 0.804741 0.540048
v 0.136614 0.699816 0.686807
v 0.160586 0.550043 0.807320
v 0.178436 0.378878 0.897057
v 0.189428 0.193151 0.952318
v 0.193148 -0.000980 0.971024
v -0.000000 1.112859 0.187788
v -0.000000 0.880672 0.376884
v -0.000000 0.804741 0.550628
v -0.000000 0.699816 0.700262
v -0.000000 0.550043 0.823136
v 0.000000 0.378878 0.914632
v -0.000000 0.193151 0.970975
v -0.000000 -0.000980 0.990048
v -0.036636 1.112859 0.184180
v -0.073526 0.880672 0.369642
v -0.107422 0.804741 0.540048
v -0.136614 0.699816 0.686807
v -0.160586 0.550043 0.807320
v -0.178436 0.378878 0.897057
v -0.189428 0.193151 0.952318
v -0.193149 -0.000980 0.971024
v -0.071863 1.112859 0.173493
v -0.144227 0.880672 0.348195
v -0.210716 0.804741 0.508714
v -0.267979 0.699816 0.646958
v -0.315001 0.550043 0.760478
v -0.350014 0.378878 0.845009
v -0.371576 0.193151 0.897064
v -0.378875 -0.000980 0.914684
v -0.104329 1.112859 0.156140
v -0.209385 0.880672 0.313367
v -0.305912 0.804741 0.457830
v -0.389045 0.699816 0.582247
v -0.457310 0.550043 0.684412
v -0.508142 0.378878 0.760488
v -0.539445 0.193151 0.807336
v -0.550041 -0.000980 0.823194
v -0.132786 1.112859 0.132786
v -0.266497 0.880672 0.266497
v -0.389353 0.804741 0.389352
v -0.495160 0.699816 0.495160
v -0.582045 0.550043 0.582045
v -0.646742 0.378878 0.646742
v -0.686583 0.193151 0.686583
v -0.700069 -0.000980 0.700069
v -0.156140 1.112859 0.104329
v -0.313367 0.880672 0.209385
v -0.457830 0.804741 0.305912
v -0.582247 0.699816 0.389045
v -0.684412 0.550043 0.457310
v -0.760488 0.378878 0.508142
v -0.807336 0.193151 0.539444
v -0.823194 -0.000980 0.550040
v -0.173493 1.112859 0.071863
v -0.348195 0.880672 0.144227
v -0.508714 0.804741 0.210716
v -0.646958 0.699816 0.267979
v -0.760478 0.550043 0.315000
v -0.845009 0.378878 0.350014
v -0.897064 0.193151 0.371576
v -0.914685 -0.000980 0.378874
v -0.184179 1.112859 0.036636
v -0.369642 0.880672 0.073526
v -0.540047 0.804741 0.107422
v -0.686807 0.699816 0.136614
v -0.807319 0.550043 0.160586
v -0.897057 0.378878 0.178436
v -0.952318 0.193151 0.189428
v -0.971024 -0.000980 0.193148
v 0.000000 1.217447 -0.065611
v -0.012800 1.217447 -0.064350
v -0.025108 1.217447 -0.060616
v -0.036451 1.217447 -0.054553
v -0.046394 1.217447 -0.046394
v -0.054553 1.217447 -0.036451
v -0.060616 1.217447 -0.025108
v -0.187788 1.112859 -0.000000
v -0.376884 0.880672 -0.000000
v -0.550628 0.804741 -0.000000
v -0.700262 0.699816 -0.000000
v -0.823136 0.550043 -0.000000
v -0.914631 0.378878 -0.000000
v -0.970975 0.193151 -0.000000
v -0.990047 -0.000980 -0.000000
v -0.064350 1.217447 -0.012800
v -0.065611 1.217447 -0.000000
v -0.064350 1.217447 0.012800
v -0.060616 1.217447 0.025108
v -0.054553 1.217447 0.036451
v -0.046394 1.217447 0.046394
v -0.036451 1.217447 0.054553
v -0.184179 1.112859 -0.036636
v -0.369642 0.880672 -0.073526
v -0.540047 0.804741 -0.107422
v -0.686807 0.699816 -0.136614
v -0.807319 0.550043 -0.160586
v -0.897057 0.378878 -0.178436
v -0.952318 0.193151 -0.189428
v -0.971024 -0.000980 -0.193149
v -0.025108 1.217447 0.060616
v -0.012800 1.217447 0.064350
v 0.000000 1.217447 0.065611
v 0.012800 1.217447 0.064350
v 0.025108 1.217447 0.060616
v 0.036451 1.217447 0.054553
v 0.046394 1.217447 0.046394
v -0.173493 1.112859 -0.071863
v -0.348195 0.880672 -0.144227
v -0.508713 0.804741 -0.210716
v -0.646958 0.699816 -0.267979
v -0.760478 0.550043 -0.315001
v -0.845009 0.378878 -0.350014
v -0.897063 0.193151 -0.371576
v -0.914684 -0.000980 -0.378875
v 0.054553 1.217447 0.036451
v 0.060617 1.217447 0.025108
v 0.064350 1.217447 0.012800
v 0.065611 1.217447 0.000000
v 0.064350 1.217447 -0.012800
v 0.060617 1.217447 -0.025108
v 0.054553 1.217447 -0.036451
v -0.156140 1.112859 -0.104329
v -0.313367 0.880672 -0.209385
v -0.457830 0.804741 -0.305912
v -0.582247 0.699816 -0.389045
v -0.684412 0.550043 -0.457310
v -0.760488 0.378878 -0.508142
v -0.807336 0.193151 -0.539445
v -0.823194 -0.000980 -0.550041
v 0.046394 1.217447 -0.046394
v 0.036451 1.217447 -0.054553
v 0.025108 1.217447 -0.060617
v 0.000000 0.988899 -0.281147
v -0.054849 0.988899 -0.275745
v -0.107590 0.988899 -0.259746
v -0.156197 0.988899 -0.233765
v -0.132786 1.112859 -0.132786
v -0.266497 0.880672 -0.266497
v -0.389352 0.804741 -0.389353
v -0.495160 0.699816 -0.495160
v -0.582045 0.550043 -0.582045
v -0.646742 0.378878 -0.646742
v -0.686583 0.193151 -0.686583
v -0.700069 -0.000980 -0.700069
v -0.198801 0.988899 -0.198801
v -0.233765 0.988899 -0.156197
v -0.259746 0.988899 -0.107590
v -0.275745 0.988899 -0.054849
v -0.281147 0.988899 -0.000000
v -0.275745 0.988899 0.054849
v -0.259746 0.988899 0.107590
v -0.104329 1.112859 -0.156140
v -0.209385 0.880672 -0.313367
v -0.305912 0.804741 -0.457830
v -0.389045 0.699816 -0.582247
v -0.457309 0.550043 -0.684412
v -0.508142 0.378878 -0.760488
v -0.539444 0.193151 -0.807336
v -0.550040 -0.000980 -0.823194
v -0.233765 0.988899 0.156197
v -0.198801 0.988899 0.198801
v -0.156197 0.988899 0.233765
v -0.107590 0.988899 0.259746
v -0.054849 0.988899 0.275745
v -0.000000 0.988899 0.281147
v 0.054849 0.988899 0.275745
v -0.071863 1.112859 -0.173493
v -0.144227 0.880672 -0.348195
v -0.210716 0.804741 -0.508713
v -0.267979 0.699816 -0.646958
v -0.315000 0.550043 -0.760478
v -0.350014 0.378878 -0.845009
v -0.371576 0.193151 -0.897064
v -0.378874 -0.000980 -0.914684
v 0.107590 0.988899 0.259746
v 0.156197 0.988899 0.233765
v 0.198801 0.988899 0.198801
v 0.233765 0.988899 0.156197
v 0.259746 0.988899 0.107590
v 0.275745 0.988899 0.054849
v 0.281147 0.988899 0.000000
v -0.036636 1.112859 -0.184179
v -0.073526 0.880672 -0.369642
v -0.107422 0.804741 -0.540047
v -0.136614 0.699816 -0.686807
v -0.160586 0.550043 -0.807319
v -0.178436 0.378878 -0.897057
v -0.189427 0.193151 -0.952318
v -0.193148 -0.000980 -0.971024
v 0.275745 0.988899 -0.054849
v 0.259746 0.988899 -0.107590
v 0.233765 0.988899 -0.156197
v 0.198801 0.988899 -0.198801
v 0.156197 0.988899 -0.233765
v 0.107590 0.988899 -0.259746
v 0.054849 0.988899 -0.275745
v 0.000000 1.112859 -0.187788
v 0.000000 0.880672 -0.376884
v 0.000000 0.699816 -0.700262
v 0.000000 0.378878 -0.914631
v 0.013227 3.001370 -0.066496
v 0.000000 3.001370 -0.067799
v -0.013227 3.001370 -0.066496
v -0.025946 3.001370 -0.062638
v -0.037667 3.001370 -0.056373
v -0.047941 3.001370 -0.047941
v -0.056373 3.001370 -0.037667
v -0.062638 3.001370 -0.025946
v -0.066496 3.001370 -0.013227
v -0.067799 3.001370 -0.000000
v -0.066496 3.001370 0.013227
v -0.062638 3.001370 0.025946
v -0.056373 3.001370 0.037667
v -0.047941 3.001370 0.047941
v -0.037667 3.001370 0.056373
v -0.025946 3.001370 0.062638
v -0.013227 3.001370 0.066496
v 0.000000 3.001370 0.067799
v 0.013227 3.001370 0.066496
v 0.025946 3.001370 0.062638
v 0.037667 3.001370 0.056373
v 0.047941 3.001370 0.047941
v 0.056373 3.001370 0.037667
v 0.062638 3.001370 0.025946
v 0.066496 3.001370 0.013227
v 0.067799 3.001370 0.000000
v 0.066496 3.001370 -0.013227
v 0.062638 3.001370 -0.025946
v 0.056373 3.001370 -0.037667
v 0.047941 3.001370 -0.047941
v 0.037667 3.001370 -0.056373
v 0.025946 3.001370 -0.062638
v 0.053502 3.000929 -0.268971
v 0.000000 3.000929 -0.274240
v -0.053501 3.000929 -0.268970
v -0.104947 3.000929 -0.253364
v -0.152359 3.000929 -0.228022
v -0.193917 3.000929 -0.193917
v -0.228022 3.000929 -0.152359
v -0.253364 3.000929 -0.104947
v -0.268970 3.000929 -0.053502
v -0.274240 3.000929 -0.000000
v -0.268970 3.000929 0.053501
v -0.253365 3.000929 0.104947
v -0.228022 3.000929 0.152359
v -0.193917 3.000929 0.193917
v -0.152359 3.000929 0.228022
v -0.104947 3.000929 0.253365
v -0.053502 3.000929 0.268970
v -0.000000 3.000929 0.274240
v 0.053502 3.000929 0.268970
v 0.104947 3.000929 0.253365
v 0.152360 3.000929 0.228022
v 0.193917 3.000929 0.193917
v 0.228022 3.000929 0.152360
v 0.253365 3.000929 0.104947
v 0.268970 3.000929 0.053502
v 0.274240 3.000929 0.000000
v 0.268970 3.000929 -0.053502
v 0.253365 3.000929 -0.104947
v 0.228022 3.000929 -0.152360
v 0.193917 3.000929 -0.193917
v 0.152360 3.000929 -0.228022
v 0.104947 3.000929 -0.253365
v 0.052971 3.103619 -0.266302
v 0.000000 3.103619 -0.271518
v -0.052971 3.103619 -0.266301
v -0.103906 3.103619 -0.250850
v -0.150848 3.103619 -0.225759
v -0.191993 3.103619 -0.191993
v -0.225759 3.103619 -0.150848
v -0.250850 3.103619 -0.103906
v -0.266301 3.103619 -0.052971
v -0.271519 3.103619 -0.000000
v -0.266301 3.103619 0.052971
v -0.250850 3.103619 0.103906
v -0.225759 3.103619 0.150848
v -0.191993 3.103619 0.191993
v -0.150848 3.103619 0.225759
v -0.103906 3.103619 0.250850
v -0.052971 3.103619 0.266301
v -0.000000 3.103619 0.271519
v 0.052971 3.103619 0.266301
v 0.103906 3.103619 0.250850
v 0.150848 3.103619 0.225760
v 0.191993 3.103619 0.191993
v 0.225759 3.103619 0.150848
v 0.250851 3.103619 0.103906
v 0.266302 3.103619 0.052971
v 0.271519 3.103619 0.000000
v 0.266302 3.103619 -0.052971
v 0.250851 3.103619 -0.103906
v 0.225760 3.103619 -0.150848
v 0.191993 3.103619 -0.191993
v 0.150848 3.103619 -0.225760
v 0.103906 3.103619 -0.250851
vn 0.0784 0.6000 -0.7961
vn 0.0393 0.9159 -0.3994
vn 0.0565 0.8173 -0.5735
vn 0.0759 0.6326 -0.7708
vn 0.0865 0.4696 -0.8786
vn 0.0938 0.2890 -0.9527
vn 0.0975 0.0975 -0.9904
vn -0.6452 0.7614 -0.0635
vn 0.2889 0.0976 -0.9524
vn 0.6452 0.7614 0.0635
vn 0.2322 0.6000 -0.7656
vn 0.1165 0.9159 -0.3840
vn 0.1673 0.8173 -0.5514
vn 0.2248 0.6326 -0.7412
vn 0.2563 0.4696 -0.8448
vn 0.2779 0.2890 -0.9161
vn 0.2716 0.8173 -0.5082
vn 0.3651 0.6326 -0.6831
vn 0.4162 0.4696 -0.7786
vn 0.4513 0.2890 -0.8443
vn 0.4691 0.0975 -0.8777
vn 0.5011 0.7614 0.4113
vn 0.3771 0.6000 -0.7055
vn 0.1892 0.9159 -0.3539
vn 0.6314 0.0975 -0.7693
vn -0.3056 0.7614 -0.5717
vn 0.5075 0.6000 -0.6184
vn 0.2546 0.9159 -0.3102
vn 0.3656 0.8173 -0.4454
vn 0.4913 0.6326 -0.5987
vn 0.5601 0.4696 -0.6825
vn 0.6073 0.2890 -0.7400
vn 0.5987 0.6326 -0.4913
vn 0.6825 0.4696 -0.5601
vn 0.7400 0.2890 -0.6073
vn 0.7693 0.0975 -0.6314
vn -0.4113 0.7614 0.5011
vn 0.6184 0.6000 -0.5075
vn 0.3102 0.9159 -0.2546
vn 0.4454 0.8173 -0.3656
vn 0.7055 0.6000 -0.3771
vn 0.3539 0.9159 -0.1892
vn 0.5082 0.8173 -0.2716
vn 0.6831 0.6326 -0.3651
vn 0.7786 0.4696 -0.4162
vn 0.8443 0.2890 -0.4513
vn 0.8777 0.0975 -0.4691
vn -0.6204 0.7614 0.1882
vn 0.8448 0.4696 -0.2563
vn 0.9161 0.2890 -0.2779
vn 0.9524 0.0975 -0.2889
vn 0.4113 0.7614 -0.5011
vn 0.7656 0.6000 -0.2322
vn 0.3840 0.9159 -0.1165
vn 0.5514 0.8173 -0.1673
vn 0.7412 0.6326 -0.2248
vn 0.7961 0.6000 -0.0784
vn 0.3994 0.9159 -0.0393
vn 0.5735 0.8173 -0.0565
vn 0.7708 0.6326 -0.0759
vn 0.8786 0.4696 -0.0865
vn 0.9527 0.2890 -0.0938
vn 0.9904 0.0975 -0.0975
vn -0.0635 0.7614 0.6452
vn 0.8786 0.4696 0.0865
vn 0.9527 0.2890 0.0938
vn 0.9904 0.0975 0.0976
vn 0.1882 0.7614 0.6204
vn 0.7961 0.6000 0.0784
vn 0.3994 0.9159 0.0393
vn 0.5735 0.8173 0.0565
vn 0.7708 0.6326 0.0759
vn 0.3840 0.9159 0.1165
vn 0.5514 0.8173 0.1673
vn 0.7412 0.6326 0.2248
vn 0.8448 0.4696 0.2563
vn 0.9161 0.2890 0.2779
vn 0.9524 0.0975 0.2889
vn -0.1882 0.7614 -0.6204
vn 0.7656 0.6000 0.2322
vn 0.8443 0.2890 0.4513
vn 0.8777 0.0975 0.4691
vn -0.5011 0.7614 -0.4113
vn 0.7055 0.6000 0.3771
vn 0.3539 0.9159 0.1892
vn 0.5082 0.8173 0.2716
vn 0.6831 0.6326 0.3651
vn 0.7786 0.4696 0.4162
vn 0.3102 0.9159 0.2546
vn 0.4454 0.8173 0.3656
vn 0.5987 0.6326 0.4913
vn 0.6825 0.4696 0.5601
vn 0.7400 0.2890 0.6073
vn 0.7693 0.0975 0.6314
vn 0.6204 0.7614 -0.1882
vn 0.6184 0.6000 0.5075
vn 0.6073 0.2890 0.7400
vn 0.6314 0.0975 0.7693
vn 0.6204 0.7614 0.1882
vn 0.5075 0.6000 0.6184
vn 0.2546 0.9159 0.3102
vn 0.3656 0.8173 0.4454
vn 0.4913 0.6326 0.5987
vn 0.5601 0.4696 0.6825
vn 0.2716 0.8173 0.5082
vn 0.3651 0.6326 0.6831
vn 0.4162 0.4696 0.7786
vn 0.4513 0.2890 0.8443
vn 0.4691 0.0975 0.8777
vn -0.1882 0.7614 0.6204
vn 0.3771 0.6000 0.7055
vn 0.1892 0.9159 0.3539
vn 0.2889 0.0975 0.9524
vn 0.1882 0.7614 -0.6204
vn 0.2322 0.6000 0.7656
vn 0.1165 0.9159 0.3840
vn 0.1673 0.8173 0.5514
vn 0.2248 0.6326 0.7412
vn 0.2563 0.4696 0.8448
vn 0.2779 0.2890 0.9161
vn 0.0759 0.6326 0.7708
vn 0.0865 0.4696 0.8786
vn 0.0938 0.2890 0.9527
vn 0.0975 0.0975 0.9904
vn -0.0635 0.7614 -0.6452
vn 0.0784 0.6000 0.7961
vn 0.0393 0.9159 0.3994
vn 0.0565 0.8173 0.5735
vn 0.5011 0.7614 -0.4113
vn -0.0784 0.6000 0.7961
vn -0.0393 0.9159 0.3994
vn -0.0565 0.8173 0.5735
vn -0.0759 0.6326 0.7708
vn -0.0865 0.4696 0.8786
vn -0.0938 0.2890 0.9527
vn -0.0976 0.0975 0.9904
vn -0.2248 0.6326 0.7412
vn -0.2563 0.4696 0.8448
vn -0.2779 0.2890 0.9161
vn -0.2889 0.0975 0.9524
vn -0.6204 0.7614 -0.1882
vn -0.2322 0.6000 0.7656
vn -0.1165 0.9159 0.3840
vn -0.1673 0.8173 0.5514
vn -0.3771 0.6000 0.7055
vn -0.1892 0.9159 0.3539
vn -0.2716 0.8173 0.5082
vn -0.3651 0.6326 0.6831
vn -0.4162 0.4696 0.7786
vn -0.4513 0.2890 0.8443
vn -0.4691 0.0975 0.8777
vn -0.5011 0.7614 0.4113
vn -0.5601 0.4696 0.6825
vn -0.6073 0.2890 0.7400
vn -0.6314 0.0975 0.7693
vn 0.4113 0.7614 0.5011
vn -0.5075 0.6000 0.6184
vn -0.2546 0.9159 0.3102
vn -0.3656 0.8173 0.4454
vn -0.4913 0.6326 0.5987
vn -0.6184 0.6000 0.5075
vn -0.3102 0.9159 0.2546
vn -0.4454 0.8173 0.3656
vn -0.5987 0.6326 0.4913
vn -0.6825 0.4696 0.5601
vn -0.7400 0.2890 0.6073
vn -0.7693 0.0975 0.6314
vn -0.4113 0.7614 -0.5011
vn -0.7786 0.4696 0.4162
vn -0.8443 0.2890 0.4513
vn -0.8777 0.0975 0.4691
vn -0.6452 0.7614 0.0635
vn -0.7055 0.6000 0.3771
vn -0.3539 0.9159 0.1892
vn -0.5082 0.8173 0.2716
vn -0.6831 0.6326 0.3651
vn -0.3840 0.9159 0.1165
vn -0.5514 0.8173 0.1673
vn -0.7412 0.6326 0.2248
vn -0.8448 0.4696 0.2563
vn -0.9161 0.2890 0.2779
vn -0.9524 0.0975 0.2889
vn 0.6452 0.7614 -0.0635
vn -0.7656 0.6000 0.2322
vn -0.9527 0.2890 0.0938
vn -0.9904 0.0975 0.0975
vn 0.0635 0.7614 0.6452
vn -0.7961 0.6000 0.0784
vn -0.3994 0.9159 0.0393
vn -0.5735 0.8173 0.0565
vn -0.7708 0.6326 0.0759
vn -0.8786 0.4696 0.0865
vn -0.5735 0.8173 -0.0565
vn -0.7708 0.6326 -0.0759
vn -0.8786 0.4696 -0.0865
vn -0.9527 0.2890 -0.0938
vn -0.9904 0.0975 -0.0976
vn -0.3056 0.7614 0.5717
vn -0.7961 0.6000 -0.0784
vn -0.3994 0.9159 -0.0393
vn -0.9524 0.0975 -0.2889
vn 0.3056 0.7614 -0.5717
vn -0.7656 0.6000 -0.2322
vn -0.3840 0.9159 -0.1165
vn -0.5514 0.8173 -0.1673
vn -0.7412 0.6326 -0.2248
vn -0.8448 0.4696 -0.2563
vn -0.9161 0.2890 -0.2779
vn -0.5082 0.8173 -0.2716
vn 0.0737 0.6594 -0.7481
vn -0.6831 0.6326 -0.3651
vn 0.2182 0.6594 -0.7194
vn -0.7786 0.4696 -0.4162
vn 0.3544 0.6594 -0.6630
vn -0.8443 0.2890 -0.4513
vn 0.4769 0.6594 -0.5811
vn -0.8777 0.0975 -0.4691
vn 0.5717 0.7614 -0.3056
vn -0.7055 0.6000 -0.3771
vn -0.3539 0.9159 -0.1892
vn -0.7693 0.0975 -0.6314
vn 0.5717 0.7614 0.3056
vn 0.5811 0.6594 -0.4769
vn -0.6184 0.6000 -0.5075
vn 0.6630 0.6594 -0.3544
vn -0.3102 0.9159 -0.2546
vn 0.7194 0.6594 -0.2182
vn -0.4454 0.8173 -0.3656
vn 0.7481 0.6594 -0.0737
vn -0.5987 0.6326 -0.4913
vn 0.7481 0.6594 0.0737
vn -0.6825 0.4696 -0.5601
vn 0.7194 0.6594 0.2182
vn -0.7400 0.2890 -0.6073
vn 0.6630 0.6594 0.3544
vn 0.2182 0.6594 0.7194
vn -0.4913 0.6326 -0.5987
vn 0.0737 0.6594 0.7481
vn -0.5601 0.4696 -0.6825
vn -0.0737 0.6594 0.7481
vn -0.6073 0.2890 -0.7400
vn -0.2182 0.6594 0.7194
vn -0.6314 0.0975 -0.7693
vn -0.5717 0.7614 -0.3056
vn 0.5811 0.6594 0.4769
vn -0.5075 0.6000 -0.6184
vn 0.4769 0.6594 0.5811
vn -0.2546 0.9159 -0.3102
vn 0.3544 0.6594 0.6630
vn -0.3656 0.8173 -0.4454
vn 0.0635 0.7614 -0.6452
vn -0.3544 0.6594 0.6630
vn -0.3771 0.6000 -0.7055
vn -0.4769 0.6594 0.5811
vn -0.1892 0.9159 -0.3539
vn -0.5811 0.6594 0.4769
vn -0.2716 0.8173 -0.5082
vn -0.6630 0.6594 0.3544
vn -0.3651 0.6326 -0.6831
vn -0.7194 0.6594 0.2182
vn -0.4162 0.4696 -0.7786
vn -0.7481 0.6594 0.0737
vn -0.4513 0.2890 -0.8443
vn -0.7481 0.6594 -0.0737
vn -0.4691 0.0975 -0.8777
vn -0.2248 0.6326 -0.7412
vn -0.3544 0.6594 -0.6630
vn -0.2563 0.4696 -0.8448
vn -0.2182 0.6594 -0.7194
vn -0.2779 0.2890 -0.9161
vn -0.0737 0.6594 -0.7481
vn -0.2889 0.0975 -0.9524
vn 0.3056 0.7614 0.5717
vn -0.7194 0.6594 -0.2182
vn -0.2322 0.6000 -0.7656
vn -0.6630 0.6594 -0.3544
vn -0.1165 0.9159 -0.3840
vn -0.5811 0.6594 -0.4769
vn -0.1673 0.8173 -0.5514
vn -0.4769 0.6594 -0.5811
vn -0.0784 0.6000 -0.7961
vn -0.0393 0.9159 -0.3994
vn -0.0565 0.8173 -0.5735
vn -0.0759 0.6326 -0.7708
vn -0.0865 0.4696 -0.8786
vn -0.0938 0.2890 -0.9527
vn -0.0976 0.0975 -0.9904
vn -0.5717 0.7614 0.3056
vn 0.7730 -0.0000 0.6344
vn -0.9952 -0.0000 -0.0980
vn 0.8819 -0.0000 0.4714
vn -0.9952 -0.0000 0.0980
vn 0.9569 -0.0000 0.2903
vn -0.9569 -0.0000 0.2903
vn -0.0980 -0.0000 -0.9952
vn 0.9952 -0.0000 0.0980
vn -0.8819 -0.0000 0.4714
vn 0.9952 -0.0000 -0.0980
vn -0.7730 -0.0000 0.6344
vn 0.9569 -0.0000 -0.2903
vn -0.6344 -0.0000 0.7730
vn 0.8819 -0.0000 -0.4714
vn -0.4714 -0.0000 0.8819
vn 0.7730 -0.0000 -0.6344
vn -0.2903 -0.0000 0.9569
vn -0.2903 -0.0000 -0.9569
vn 0.6344 -0.0000 -0.7730
vn -0.0980 -0.0000 0.9952
vn -0.4714 -0.0000 -0.8819
vn 0.4714 -0.0000 -0.8819
vn 0.0980 -0.0000 0.9952
vn -0.6344 -0.0000 -0.7730
vn 0.2903 -0.0000 -0.9569
vn 0.0980 -0.0000 -0.9952
vn 0.2903 -0.0000 0.9569
vn -0.7730 -0.0000 -0.6344
vn 0.4714 -0.0000 0.8819
vn -0.8819 -0.0000 -0.4714
vn 0.6344 -0.0000 0.7730
vn -0.9569 -0.0000 -0.2903
vn -0.0000 -1.0000 -0.0000
vn -0.0784 -0.5998 0.7963
vn -0.0394 -0.9156 0.4001
vn -0.0565 -0.8175 0.5732
vn -0.0759 -0.6324 0.7709
vn -0.0865 -0.4697 0.8786
vn -0.0938 -0.2890 0.9527
vn -0.0976 -0.0973 0.9905
vn 0.6490 -0.7581 0.0639
vn -0.2889 -0.0973 0.9524
vn -0.6490 -0.7581 -0.0639
vn -0.2323 -0.5998 0.7657
vn -0.1167 -0.9156 0.3848
vn -0.1672 -0.8175 0.5512
vn -0.2249 -0.6324 0.7413
vn -0.2563 -0.4697 0.8448
vn -0.2779 -0.2890 0.9161
vn -0.2715 -0.8175 0.5080
vn -0.3652 -0.6324 0.6831
vn -0.4162 -0.4697 0.7786
vn -0.4513 -0.2890 0.8443
vn -0.4692 -0.0973 0.8777
vn -0.5041 -0.7581 -0.4137
vn -0.3772 -0.5998 0.7057
vn -0.1895 -0.9156 0.3546
vn -0.6314 -0.0973 0.7693
vn 0.3074 -0.7581 0.5751
vn -0.5076 -0.5998 0.6186
vn -0.2551 -0.9156 0.3108
vn -0.3654 -0.8175 0.4452
vn -0.4914 -0.6324 0.5988
vn -0.5601 -0.4697 0.6825
vn -0.6073 -0.2890 0.7400
vn -0.5988 -0.6324 0.4914
vn -0.6825 -0.4697 0.5601
vn -0.7400 -0.2890 0.6073
vn -0.7693 -0.0973 0.6314
vn 0.4137 -0.7581 -0.5041
vn -0.6186 -0.5998 0.5076
vn -0.3108 -0.9156 0.2551
vn -0.4452 -0.8175 0.3654
vn -0.7057 -0.5998 0.3772
vn -0.3546 -0.9156 0.1895
vn -0.5080 -0.8175 0.2715
vn -0.6832 -0.6324 0.3652
vn -0.7786 -0.4697 0.4162
vn -0.8443 -0.2890 0.4513
vn -0.8777 -0.0973 0.4692
vn 0.6240 -0.7581 -0.1893
vn -0.8448 -0.4697 0.2563
vn -0.9161 -0.2890 0.2779
vn -0.9524 -0.0973 0.2889
vn -0.4137 -0.7581 0.5041
vn -0.7657 -0.5998 0.2323
vn -0.3848 -0.9156 0.1167
vn -0.5512 -0.8175 0.1672
vn -0.7413 -0.6324 0.2249
vn -0.7963 -0.5998 0.0784
vn -0.4001 -0.9156 0.0394
vn -0.5732 -0.8175 0.0565
vn -0.7709 -0.6324 0.0759
vn -0.8786 -0.4697 0.0865
vn -0.9527 -0.2890 0.0938
vn -0.9905 -0.0973 0.0976
vn 0.0639 -0.7581 -0.6490
vn -0.8786 -0.4697 -0.0865
vn -0.9527 -0.2890 -0.0938
vn -0.9905 -0.0973 -0.0976
vn -0.1893 -0.7581 -0.6240
vn -0.7963 -0.5998 -0.0784
vn -0.4001 -0.9156 -0.0394
vn -0.5732 -0.8175 -0.0565
vn -0.7709 -0.6324 -0.0759
vn -0.3848 -0.9156 -0.1167
vn -0.5512 -0.8175 -0.1672
vn -0.7413 -0.6324 -0.2249
vn -0.8448 -0.4697 -0.2563
vn -0.9161 -0.2890 -0.2779
vn -0.9524 -0.0973 -0.2889
vn 0.1893 -0.7581 0.6240
vn -0.7657 -0.5998 -0.2323
vn -0.8443 -0.2890 -0.4513
vn -0.8777 -0.0973 -0.4692
vn 0.5041 -0.7581 0.4137
vn -0.7057 -0.5998 -0.3772
vn -0.3546 -0.9156 -0.1895
vn -0.5080 -0.8175 -0.2715
vn -0.6831 -0.6324 -0.3652
vn -0.7786 -0.4697 -0.4162
vn -0.3108 -0.9156 -0.2551
vn -0.4452 -0.8175 -0.3654
vn -0.5988 -0.6324 -0.4914
vn -0.6825 -0.4697 -0.5601
vn -0.7400 -0.2890 -0.6073
vn -0.7693 -0.0973 -0.6314
vn -0.6240 -0.7581 0.1893
vn -0.6186 -0.5998 -0.5076
vn -0.6073 -0.2890 -0.7400
vn -0.6314 -0.0973 -0.7693
vn -0.6240 -0.7581 -0.1893
vn -0.5076 -0.5998 -0.6186
vn -0.2551 -0.9156 -0.3108
vn -0.3654 -0.8175 -0.4452
vn -0.4914 -0.6324 -0.5988
vn -0.5601 -0.4697 -0.6825
vn -0.2715 -0.8175 -0.5080
vn -0.3652 -0.6324 -0.6832
vn -0.4162 -0.4697 -0.7786
vn -0.4513 -0.2890 -0.8443
vn -0.4692 -0.0973 -0.8777
vn 0.1893 -0.7581 -0.6240
vn -0.3772 -0.5998 -0.7057
vn -0.1895 -0.9156 -0.3546
vn -0.2889 -0.0973 -0.9524
vn -0.1893 -0.7581 0.6240
vn -0.2323 -0.5998 -0.7657
vn -0.1167 -0.9156 -0.3848
vn -0.1672 -0.8175 -0.5512
vn -0.2249 -0.6324 -0.7413
vn -0.2563 -0.4697 -0.8448
vn -0.2779 -0.2890 -0.9161
vn -0.0759 -0.6324 -0.7709
vn -0.0865 -0.4697 -0.8786
vn -0.0938 -0.2890 -0.9527
vn -0.0976 -0.0973 -0.9905
vn 0.0639 -0.7581 0.6490
vn -0.0784 -0.5998 -0.7963
vn -0.0394 -0.9156 -0.4001
vn -0.0565 -0.8175 -0.5732
vn -0.5041 -0.7581 0.4137
vn 0.0784 -0.5998 -0.7963
vn 0.0394 -0.9156 -0.4001
vn 0.0565 -0.8175 -0.5732
vn 0.0759 -0.6324 -0.7709
vn 0.0865 -0.4697 -0.8786
vn 0.0938 -0.2890 -0.9527
vn 0.0976 -0.0973 -0.9905
vn 0.2249 -0.6324 -0.7413
vn 0.2563 -0.4697 -0.8448
vn 0.2779 -0.2890 -0.9161
vn 0.2889 -0.0973 -0.9524
vn 0.6240 -0.7581 0.1893
vn 0.2323 -0.5998 -0.7657
vn 0.1167 -0.9156 -0.3848
vn 0.1672 -0.8175 -0.5512
vn 0.3772 -0.5998 -0.7057
vn 0.1895 -0.9156 -0.3546
vn 0.2715 -0.8175 -0.5080
vn 0.3652 -0.6324 -0.6831
vn 0.4162 -0.4697 -0.7786
vn 0.4513 -0.2890 -0.8443
vn 0.4692 -0.0973 -0.8777
vn 0.5041 -0.7581 -0.4137
vn 0.5601 -0.4697 -0.6825
vn 0.6073 -0.2890 -0.7400
vn 0.6314 -0.0973 -0.7693
vn -0.4137 -0.7581 -0.5041
vn 0.5076 -0.5998 -0.6186
vn 0.2551 -0.9156 -0.3108
vn 0.3654 -0.8175 -0.4452
vn 0.4914 -0.6324 -0.5988
vn 0.6186 -0.5998 -0.5076
vn 0.3108 -0.9156 -0.2551
vn 0.4452 -0.8175 -0.3654
vn 0.5988 -0.6324 -0.4914
vn 0.6825 -0.4697 -0.5601
vn 0.7400 -0.2890 -0.6073
vn 0.7693 -0.0973 -0.6314
vn 0.4137 -0.7581 0.5041
vn 0.7786 -0.4697 -0.4162
vn 0.8443 -0.2890 -0.4513
vn 0.8777 -0.0973 -0.4692
vn 0.6490 -0.7581 -0.0639
vn 0.7057 -0.5998 -0.3772
vn 0.3546 -0.9156 -0.1895
vn 0.5080 -0.8175 -0.2715
vn 0.6832 -0.6324 -0.3652
vn 0.3848 -0.9156 -0.1167
vn 0.5512 -0.8175 -0.1672
vn 0.7413 -0.6324 -0.2249
vn 0.8448 -0.4697 -0.2563
vn 0.9161 -0.2890 -0.2779
vn 0.9524 -0.0973 -0.2889
vn -0.6490 -0.7581 0.0639
vn 0.7657 -0.5998 -0.2323
vn 0.9527 -0.2890 -0.0938
vn 0.9905 -0.0973 -0.0976
vn -0.0639 -0.7581 -0.6490
vn 0.7963 -0.5998 -0.0784
vn 0.4001 -0.9156 -0.0394
vn 0.5732 -0.8175 -0.0565
vn 0.7709 -0.6324 -0.0759
vn 0.8786 -0.4697 -0.0865
vn 0.5732 -0.8175 0.0565
vn 0.7709 -0.6324 0.0759
vn 0.8786 -0.4697 0.0865
vn 0.9527 -0.2890 0.0938
vn 0.9905 -0.0973 0.0976
vn 0.3074 -0.7581 -0.5751
vn 0.7963 -0.5998 0.0784
vn 0.4001 -0.9156 0.0394
vn 0.9524 -0.0973 0.2889
vn -0.3074 -0.7581 0.5751
vn 0.7657 -0.5998 0.2323
vn 0.3848 -0.9156 0.1167
vn 0.5512 -0.8175 0.1672
vn 0.7413 -0.6324 0.2249
vn 0.8448 -0.4697 0.2563
vn 0.9161 -0.2890 0.2779
vn 0.5080 -0.8175 0.2715
vn -0.0736 -0.6608 0.7470
vn 0.6832 -0.6324 0.3652
vn -0.2179 -0.6608 0.7183
vn 0.7786 -0.4697 0.4162
vn -0.3538 -0.6608 0.6620
vn 0.8443 -0.2890 0.4513
vn -0.4762 -0.6608 0.5802
vn 0.8777 -0.0973 0.4692
vn -0.5751 -0.7581 0.3074
vn 0.7057 -0.5998 0.3772
vn 0.3546 -0.9156 0.1895
vn 0.7693 -0.0973 0.6314
vn -0.5751 -0.7581 -0.3074
vn -0.5802 -0.6608 0.4762
vn 0.6186 -0.5998 0.5076
vn -0.6620 -0.6608 0.3538
vn 0.3108 -0.9156 0.2551
vn -0.7183 -0.6608 0.2179
vn 0.4452 -0.8175 0.3654
vn -0.7470 -0.6608 0.0736
vn 0.5988 -0.6324 0.4914
vn -0.7470 -0.6608 -0.0736
vn 0.6825 -0.4697 0.5601
vn -0.7183 -0.6608 -0.2179
vn 0.7400 -0.2890 0.6073
vn -0.6620 -0.6608 -0.3538
vn -0.2179 -0.6608 -0.7183
vn 0.4914 -0.6324 0.5988
vn -0.0736 -0.6608 -0.7470
vn 0.5601 -0.4697 0.6825
vn 0.0736 -0.6608 -0.7470
vn 0.6073 -0.2890 0.7400
vn 0.2179 -0.6608 -0.7183
vn 0.6314 -0.0973 0.7693
vn 0.5751 -0.7581 0.3074
vn -0.5802 -0.6608 -0.4762
vn 0.5076 -0.5998 0.6186
vn -0.4762 -0.6608 -0.5802
vn 0.2551 -0.9156 0.3108
vn -0.3538 -0.6608 -0.6620
vn 0.3654 -0.8175 0.4452
vn -0.0639 -0.7581 0.6490
vn 0.3538 -0.6608 -0.6620
vn 0.3772 -0.5998 0.7057
vn 0.4762 -0.6608 -0.5802
vn 0.1895 -0.9156 0.3546
vn 0.5802 -0.6608 -0.4762
vn 0.2715 -0.8175 0.5080
vn 0.6620 -0.6608 -0.3538
vn 0.3652 -0.6324 0.6832
vn 0.7183 -0.6608 -0.2179
vn 0.4162 -0.4697 0.7786
vn 0.7470 -0.6608 -0.0736
vn 0.4513 -0.2890 0.8443
vn 0.7470 -0.6608 0.0736
vn 0.4692 -0.0973 0.8777
vn 0.2249 -0.6324 0.7413
vn 0.3538 -0.6608 0.6620
vn 0.2563 -0.4697 0.8448
vn 0.2179 -0.6608 0.7183
vn 0.2779 -0.2890 0.9161
vn 0.0736 -0.6608 0.7470
vn 0.2889 -0.0973 0.9524
vn -0.3074 -0.7581 -0.5751
vn 0.7183 -0.6608 0.2179
vn 0.2323 -0.5998 0.7657
vn 0.6620 -0.6608 0.3538
vn 0.1167 -0.9156 0.3848
vn 0.5802 -0.6608 0.4762
vn 0.1672 -0.8175 0.5512
vn 0.4762 -0.6608 0.5802
vn 0.0784 -0.5998 0.7963
vn 0.0394 -0.9156 0.4001
vn 0.0565 -0.8175 0.5732
vn 0.0759 -0.6324 0.7709
vn 0.0865 -0.4697 0.8786
vn 0.0938 -0.2890 0.9527
vn 0.0976 -0.0973 0.9905
vn 0.5751 -0.7581 -0.3074
vn -0.7730 0.0012 -0.6344
vn 0.9952 0.0012 0.0980
vn -0.8819 0.0012 -0.4714
vn 0.9952 0.0012 -0.0980
vn -0.9569 0.0012 -0.2903
vn 0.9569 0.0012 -0.2903
vn 0.0980 0.0012 0.9952
vn -0.9952 0.0012 -0.0980
vn 0.8819 0.0012 -0.4714
vn -0.9952 0.0012 0.0980
vn 0.7730 0.0012 -0.6344
vn -0.9569 0.0012 0.2903
vn 0.6344 0.0012 -0.7730
vn -0.8819 0.0012 0.4714
vn 0.4714 0.0012 -0.8819
vn -0.7730 0.0012 0.6344
vn 0.2903 0.0012 -0.9569
vn 0.2903 0.0012 0.9569
vn -0.6344 0.0012 0.7730
vn 0.0980 0.0012 -0.9952
vn 0.4714 0.0012 0.8819
vn -0.4714 0.0012 0.8819
vn -0.0980 0.0012 -0.9952
vn 0.6344 0.0012 0.7730
vn -0.2903 0.0012 0.9569
vn -0.0980 0.0012 0.9952
vn -0.2903 0.0012 -0.9569
vn 0.7730 0.0012 0.6344
vn -0.4714 0.0012 -0.8819
vn 0.8819 0.0012 0.4714
vn -0.6344 0.0012 -0.7730
vn 0.9569 0.0012 0.2903
vn -0.0017 1.0000 0.0014
vn 0.0021 1.0000 -0.0006
vn -0.0014 1.0000 0.0017
vn 0.0002 1.0000 -0.0021
vn 0.0019 1.0000 -0.0010
vn -0.0010 1.0000 0.0019
vn -0.0002 1.0000 -0.0021
vn 0.0017 1.0000 -0.0014
vn -0.0006 1.0000 0.0021
vn -0.0006 1.0000 -0.0021
vn 0.0014 1.0000 -0.0017
vn -0.0002 1.0000 0.0021
vn -0.0010 1.0000 -0.0019
vn 0.0010 1.0000 -0.0019
vn 0.0002 1.0000 0.0021
vn -0.0014 1.0000 -0.0017
vn 0.0006 1.0000 -0.0021
vn 0.0006 1.0000 0.0021
vn -0.0017 1.0000 -0.0014
vn 0.0010 1.0000 0.0019
vn -0.0019 1.0000 -0.0010
vn 0.0014 1.0000 0.0017
vn -0.0021 1.0000 -0.0006
vn 0.0017 1.0000 0.0014
vn -0.0021 1.0000 -0.0002
vn 0.0019 1.0000 0.0010
vn -0.0021 1.0000 0.0002
vn 0.0021 1.0000 0.0006
vn -0.0021 1.0000 0.0006
vn 0.0021 1.0000 0.0002
vn -0.0019 1.0000 0.0010
vn 0.0021 1.0000 -0.0002
vn 0.2902 -0.0264 -0.9566
vn 0.2902 -0.0264 0.9566
vn -0.6342 -0.0264 0.7727
vn 0.0980 -0.0264 -0.9948
vn 0.4712 -0.0264 0.8816
vn -0.4712 -0.0264 0.8816
vn -0.0980 -0.0264 -0.9948
vn 0.6342 -0.0264 0.7727
vn -0.2902 -0.0264 0.9566
vn -0.2902 -0.0264 -0.9566
vn 0.7727 -0.0264 0.6342
vn -0.4712 -0.0264 -0.8816
vn 0.8816 -0.0264 0.4712
vn -0.6342 -0.0264 -0.7727
vn 0.9566 -0.0264 0.2902
vn -0.7727 -0.0264 -0.6342
vn 0.9948 -0.0264 0.0980
vn -0.8816 -0.0264 -0.4712
vn 0.9948 -0.0264 -0.0980
vn -0.9566 -0.0264 -0.2902
vn 0.9566 -0.0264 -0.2902
vn -0.9948 -0.0264 -0.0980
vn 0.8816 -0.0264 -0.4712
vn -0.9948 -0.0264 0.0980
vn 0.7727 -0.0264 -0.6342
vn -0.9566 -0.0264 0.2902
vn 0.6342 -0.0264 -0.7727
vn -0.0980 -0.0264 0.9948
vn -0.8816 -0.0264 0.4712
vn 0.4712 -0.0264 -0.8816
vn 0.0980 -0.0264 0.9948
vn -0.7727 -0.0264 0.6342
vn 0.0097 -0.9951 -0.0980
vn 0.0286 -0.9951 -0.0942
vn 0.0464 -0.9951 -0.0869
vn 0.0625 -0.9951 -0.0761
vn 0.0761 -0.9951 -0.0625
vn 0.0869 -0.9951 -0.0464
vn 0.0942 -0.9951 -0.0286
vn 0.0980 -0.9951 -0.0097
vn 0.0980 -0.9951 0.0097
vn 0.0942 -0.9951 0.0286
vn 0.0869 -0.9951 0.0464
vn 0.0761 -0.9951 0.0625
vn 0.0625 -0.9951 0.0761
vn 0.0464 -0.9951 0.0869
vn 0.0286 -0.9951 0.0942
vn 0.0097 -0.9951 0.0980
vn -0.0097 -0.9951 0.0980
vn -0.0286 -0.9951 0.0942
vn -0.0464 -0.9951 0.0869
vn -0.0625 -0.9951 0.0761
vn -0.0761 -0.9951 0.0625
vn -0.0869 -0.9951 0.0464
vn -0.0942 -0.9951 0.0286
vn -0.0980 -0.9951 0.0097
vn -0.0980 -0.9951 -0.0097
vn -0.0942 -0.9951 -0.0286
vn -0.0869 -0.9951 -0.0464
vn -0.0761 -0.9951 -0.0625
vn -0.0625 -0.9951 -0.0761
vn -0.0464 -0.9951 -0.0869
vn -0.0286 -0.9951 -0.0942
vn -0.0097 -0.9951 -0.0980
vn -0.0000 1.0000 -0.0000
vt 0.549104 0.822360
vt 0.529972 0.816594
vt 0.531048 0.811221
vt 0.550919 0.813158
vt 0.139487 0.205194
vt 0.163564 0.207619
vt 0.163538 0.217237
vt 0.139435 0.219542
vt 0.115681 0.202791
vt 0.115758 0.221836
vt 0.090558 0.200207
vt 0.090296 0.224259
vt 0.064716 0.197593
vt 0.064799 0.226694
vt 0.038194 0.195183
vt 0.038365 0.229520
vt 0.011346 0.192540
vt 0.011039 0.232023
vt 0.500661 0.836400
vt 0.495281 0.835400
vt 0.500600 0.817273
vt 0.502340 0.817622
vt 0.044979 0.263175
vt 0.018575 0.270891
vt 0.505822 0.780853
vt 0.511195 0.781868
vt 0.505871 0.799914
vt 0.504127 0.799551
vt 0.531108 0.805735
vt 0.550822 0.803776
vt 0.165413 0.226676
vt 0.142285 0.233620
vt 0.119490 0.240508
vt 0.095069 0.247831
vt 0.070304 0.255237
vt 0.147807 0.246897
vt 0.126857 0.258013
vt 0.104194 0.270097
vt 0.081364 0.282091
vt 0.058156 0.294735
vt 0.033425 0.307914
vt 0.489967 0.784085
vt 0.495001 0.781965
vt 0.500616 0.799950
vt 0.498988 0.800654
vt 0.529982 0.800362
vt 0.549007 0.794574
vt 0.169095 0.235573
vt 0.076976 0.323283
vt 0.055853 0.340927
vt 0.524823 0.826171
vt 0.521047 0.830104
vt 0.508978 0.815589
vt 0.510244 0.814337
vt 0.527819 0.795321
vt 0.545409 0.785919
vt 0.174436 0.243582
vt 0.155742 0.258872
vt 0.137268 0.273911
vt 0.117573 0.290057
vt 0.097437 0.306338
vt 0.150619 0.287496
vt 0.134572 0.307028
vt 0.117940 0.326953
vt 0.101195 0.347572
vt 0.083953 0.368980
vt 0.478715 0.821902
vt 0.476579 0.816861
vt 0.494578 0.811231
vt 0.495251 0.812869
vt 0.524730 0.790793
vt 0.540184 0.778139
vt 0.181234 0.250394
vt 0.165853 0.269045
vt 0.520823 0.786954
vt 0.533540 0.771527
vt 0.189232 0.255748
vt 0.177801 0.277012
vt 0.166513 0.297901
vt 0.154451 0.320567
vt 0.142033 0.343231
vt 0.129676 0.366699
vt 0.116949 0.391051
vt 0.490266 0.833240
vt 0.485689 0.830260
vt 0.497485 0.815601
vt 0.498959 0.816590
vt 0.176653 0.329728
vt 0.168907 0.354441
vt 0.161353 0.379878
vt 0.153622 0.406247
vt 0.511909 0.805967
vt 0.511236 0.804321
vt 0.516267 0.783915
vt 0.525735 0.766334
vt 0.198118 0.259441
vt 0.191046 0.282560
vt 0.184010 0.305304
vt 0.517058 0.762763
vt 0.207553 0.261353
vt 0.205124 0.285357
vt 0.202657 0.309078
vt 0.200208 0.334443
vt 0.197430 0.360194
vt 0.194987 0.386620
vt 0.192550 0.413992
vt 0.475407 0.806017
vt 0.476445 0.800634
vt 0.494566 0.805980
vt 0.494255 0.807724
vt 0.224228 0.334485
vt 0.226525 0.360280
vt 0.229287 0.386674
vt 0.232236 0.413995
vt 0.478591 0.795593
vt 0.481580 0.791009
vt 0.496226 0.802861
vt 0.495265 0.804352
vt 0.507850 0.760953
vt 0.217175 0.261366
vt 0.219483 0.285410
vt 0.221683 0.309141
vt 0.226612 0.259503
vt 0.233574 0.282650
vt 0.240366 0.305489
vt 0.247792 0.329843
vt 0.255079 0.354691
vt 0.262937 0.380036
vt 0.271159 0.406257
vt 0.527871 0.821645
vt 0.511248 0.812863
vt 0.500355 0.780872
vt 0.498466 0.760967
vt 0.281993 0.343633
vt 0.294646 0.366960
vt 0.307823 0.391075
vt 0.516488 0.833089
vt 0.511466 0.835212
vt 0.505864 0.817281
vt 0.507491 0.816571
vt 0.489261 0.762812
vt 0.235502 0.255833
vt 0.246857 0.277196
vt 0.257992 0.298269
vt 0.269991 0.320689
vt 0.243499 0.250497
vt 0.258810 0.269265
vt 0.273921 0.287796
vt 0.289948 0.307329
vt 0.306233 0.327526
vt 0.323195 0.347955
vt 0.340822 0.369041
vt 0.509002 0.801570
vt 0.507511 0.800607
vt 0.480600 0.766426
vt 0.326907 0.307065
vt 0.347514 0.323758
vt 0.368912 0.340993
vt 0.502352 0.799578
vt 0.485477 0.787184
vt 0.472751 0.771580
vt 0.250323 0.243717
vt 0.268921 0.259060
vt 0.287221 0.274218
vt 0.307103 0.290467
vt 0.276951 0.247154
vt 0.297897 0.258502
vt 0.320421 0.270478
vt 0.343149 0.282892
vt 0.366624 0.295260
vt 0.390977 0.307987
vt 0.475467 0.811499
vt 0.494241 0.809493
vt 0.466204 0.778316
vt 0.255670 0.235722
vt 0.379800 0.263583
vt 0.406170 0.271312
vt 0.512301 0.809481
vt 0.512279 0.807705
vt 0.460987 0.786116
vt 0.259354 0.226838
vt 0.282504 0.233913
vt 0.305252 0.240959
vt 0.329647 0.248291
vt 0.354359 0.256035
vt 0.309018 0.222303
vt 0.334371 0.224732
vt 0.360118 0.227507
vt 0.386542 0.229945
vt 0.413914 0.232380
vt 0.511940 0.811225
vt 0.457453 0.794808
vt 0.261262 0.217410
vt 0.285316 0.219837
vt 0.510254 0.802836
vt 0.455571 0.804006
vt 0.261293 0.207791
vt 0.285335 0.205482
vt 0.309067 0.203273
vt 0.334408 0.200706
vt 0.360201 0.198405
vt 0.386593 0.195639
vt 0.413914 0.192687
vt 0.305401 0.184599
vt 0.329757 0.177137
vt 0.354606 0.169846
vt 0.379952 0.161984
vt 0.406171 0.153758
vt 0.506124 0.836343
vt 0.504118 0.817625
vt 0.455627 0.813392
vt 0.259448 0.198349
vt 0.282542 0.191402
vt 0.457424 0.822607
vt 0.255769 0.189455
vt 0.277098 0.178116
vt 0.298175 0.166997
vt 0.320601 0.154925
vt 0.343548 0.142927
vt 0.366872 0.130271
vt 0.390983 0.117087
vt 0.481792 0.826428
vt 0.496232 0.814345
vt 0.307286 0.134926
vt 0.327450 0.118682
vt 0.347857 0.101719
vt 0.368932 0.084084
vt 0.497499 0.801623
vt 0.461063 0.831268
vt 0.250428 0.181451
vt 0.269163 0.166150
vt 0.287651 0.151141
vt 0.466317 0.839048
vt 0.243652 0.174625
vt 0.259003 0.156009
vt 0.274222 0.137651
vt 0.290323 0.117914
vt 0.306931 0.098045
vt 0.323636 0.077426
vt 0.340865 0.056019
vt 0.270369 0.104535
vt 0.282781 0.081808
vt 0.295141 0.058326
vt 0.307862 0.033968
vt 0.472923 0.845723
vt 0.235654 0.169271
vt 0.247088 0.147995
vt 0.258431 0.127034
vt 0.226767 0.165579
vt 0.233837 0.142466
vt 0.240871 0.119699
vt 0.248188 0.095305
vt 0.255926 0.070594
vt 0.263467 0.045152
vt 0.271192 0.018780
vt 0.480751 0.850931
vt 0.227400 0.064836
vt 0.229832 0.038411
vt 0.232262 0.011039
vt 0.489482 0.854404
vt 0.217331 0.163692
vt 0.219760 0.139619
vt 0.222215 0.115931
vt 0.224630 0.090581
vt 0.205402 0.139634
vt 0.203179 0.115890
vt 0.200606 0.090547
vt 0.198298 0.064754
vt 0.195528 0.038362
vt 0.192572 0.011042
vt 0.498695 0.856214
vt 0.207715 0.163661
vt 0.161874 0.045007
vt 0.153645 0.018788
vt 0.508083 0.856258
vt 0.198274 0.165528
vt 0.191305 0.142387
vt 0.184505 0.119546
vt 0.177036 0.095197
vt 0.169740 0.070351
vt 0.178014 0.147834
vt 0.166900 0.126775
vt 0.567948 0.827990
vt 0.570394 0.815012
vt 0.154824 0.104356
vt 0.570394 0.801817
vt 0.142822 0.081411
vt 0.567824 0.788879
vt 0.130164 0.058089
vt 0.562764 0.776671
vt 0.116978 0.033979
vt 0.517282 0.854371
vt 0.189384 0.169201
vt 0.101615 0.077106
vt 0.083981 0.056030
vt 0.555408 0.765683
vt 0.525984 0.850835
vt 0.546046 0.756340
vt 0.181371 0.174525
vt 0.166072 0.155810
vt 0.535038 0.749000
vt 0.151047 0.137315
vt 0.522805 0.743948
vt 0.134830 0.117674
vt 0.509820 0.741375
vt 0.118579 0.097512
vt 0.496579 0.741377
vt 0.483581 0.743951
vt 0.450951 0.765839
vt 0.443545 0.776832
vt 0.137558 0.150745
vt 0.117824 0.134634
vt 0.438589 0.789119
vt 0.097939 0.118034
vt 0.436081 0.802108
vt 0.077323 0.101323
vt 0.435992 0.815349
vt 0.055922 0.084087
vt 0.471304 0.748983
vt 0.533713 0.845485
vt 0.460333 0.756468
vt 0.174548 0.181313
vt 0.155910 0.165956
vt 0.438694 0.828313
vt 0.540422 0.838903
vt 0.443723 0.840553
vt 0.169179 0.189302
vt 0.147933 0.177895
vt 0.451051 0.851593
vt 0.126947 0.166551
vt 0.460523 0.860873
vt 0.104473 0.154578
vt 0.471521 0.868248
vt 0.081683 0.142187
vt 0.483784 0.873284
vt 0.058211 0.129810
vt 0.496770 0.875894
vt 0.033875 0.117069
vt 0.119574 0.184111
vt 0.095389 0.176737
vt 0.546306 0.860733
vt 0.555599 0.851273
vt 0.070356 0.169023
vt 0.545533 0.831031
vt 0.563004 0.840269
vt 0.044986 0.161504
vt 0.018711 0.153711
vt 0.510029 0.875769
vt 0.523045 0.873259
vt 0.165487 0.198189
vt 0.142410 0.191145
vt 0.535257 0.868072
vt 0.861425 0.687426
vt 0.843904 0.684225
vt 0.857742 0.568430
vt 0.861417 0.567420
vt 0.944870 0.460531
vt 0.960577 0.475688
vt 0.886201 0.541526
vt 0.883321 0.540346
vt 0.824571 0.676321
vt 0.853660 0.567471
vt 0.973176 0.493724
vt 0.890228 0.545222
vt 0.801205 0.660780
vt 0.851183 0.565097
vt 0.983423 0.518057
vt 0.893754 0.550684
vt 0.794186 0.452308
vt 0.811033 0.442818
vt 0.861381 0.538696
vt 0.858531 0.540380
vt 0.772801 0.631939
vt 0.846670 0.564285
vt 0.988961 0.548157
vt 0.893317 0.554936
vt 0.758268 0.608861
vt 0.845256 0.561118
vt 0.988961 0.594311
vt 0.890357 0.556787
vt 0.750023 0.586302
vt 0.845319 0.557378
vt 0.984036 0.613275
vt 0.887320 0.558577
vt 0.745123 0.553907
vt 0.844437 0.554421
vt 0.975185 0.628492
vt 0.884386 0.561685
vt 0.746480 0.532797
vt 0.843952 0.550863
vt 0.959987 0.648224
vt 0.880940 0.564701
vt 0.836587 0.434131
vt 0.864954 0.537802
vt 0.751897 0.510459
vt 0.846365 0.543479
vt 0.939683 0.666205
vt 0.878324 0.566239
vt 0.855882 0.432244
vt 0.869092 0.536949
vt 0.763588 0.485904
vt 0.850485 0.541541
vt 0.922920 0.675496
vt 0.875564 0.567541
vt 0.880645 0.432907
vt 0.872340 0.537487
vt 0.779866 0.463918
vt 0.855556 0.541562
vt 0.898689 0.684584
vt 0.871863 0.567562
vt 0.900781 0.436794
vt 0.876091 0.539040
vt 0.882154 0.687926
vt 0.865812 0.566556
vt 0.918859 0.443871
vt 0.879662 0.538373
vt 0.348465 0.466984
vt 0.346710 0.468156
vt 0.327783 0.445093
vt 0.334400 0.440671
vt 0.354594 0.487188
vt 0.356663 0.486776
vt 0.365324 0.515327
vt 0.357518 0.516880
vt 0.345218 0.469648
vt 0.322155 0.450720
vt 0.363839 0.479601
vt 0.364250 0.477531
vt 0.393942 0.480456
vt 0.392389 0.488261
vt 0.358612 0.485969
vt 0.372677 0.512281
vt 0.344046 0.471402
vt 0.317733 0.457338
vt 0.364250 0.475421
vt 0.393942 0.472497
vt 0.360367 0.484796
vt 0.379294 0.507860
vt 0.343239 0.473352
vt 0.314688 0.464691
vt 0.363839 0.473352
vt 0.392389 0.464691
vt 0.361859 0.483304
vt 0.384922 0.502232
vt 0.342827 0.475421
vt 0.313135 0.472497
vt 0.363031 0.471402
vt 0.389344 0.457338
vt 0.363031 0.481550
vt 0.389344 0.495614
vt 0.342827 0.477531
vt 0.313135 0.480456
vt 0.361859 0.469648
vt 0.384922 0.450720
vt 0.343239 0.479601
vt 0.314688 0.488261
vt 0.360367 0.468156
vt 0.379294 0.445093
vt 0.344046 0.481550
vt 0.317733 0.495614
vt 0.358612 0.466984
vt 0.372677 0.440671
vt 0.345218 0.483304
vt 0.322155 0.502232
vt 0.356663 0.466176
vt 0.365324 0.437625
vt 0.346710 0.484796
vt 0.327783 0.507860
vt 0.354594 0.465764
vt 0.357518 0.436073
vt 0.348465 0.485969
vt 0.334400 0.512281
vt 0.352484 0.465764
vt 0.349559 0.436073
vt 0.350414 0.486776
vt 0.341753 0.515327
vt 0.350414 0.466176
vt 0.341753 0.437625
vt 0.352484 0.487188
vt 0.349559 0.516880
vt 0.662140 0.743448
vt 0.671956 0.747514
vt 0.665147 0.761036
vt 0.658100 0.758039
vt 0.604513 0.829693
vt 0.598611 0.820859
vt 0.611785 0.813398
vt 0.615979 0.819805
vt 0.651720 0.849246
vt 0.641096 0.849246
vt 0.642212 0.834148
vt 0.649869 0.834220
vt 0.680790 0.753416
vt 0.671473 0.765350
vt 0.594545 0.811043
vt 0.608922 0.806296
vt 0.630675 0.847174
vt 0.634716 0.832583
vt 0.688302 0.760929
vt 0.676837 0.770816
vt 0.592472 0.800623
vt 0.607499 0.798772
vt 0.620860 0.843108
vt 0.627669 0.829585
vt 0.694205 0.769763
vt 0.681031 0.777223
vt 0.592472 0.789999
vt 0.607571 0.791115
vt 0.698271 0.779578
vt 0.683894 0.784325
vt 0.594545 0.779578
vt 0.609136 0.783619
vt 0.700343 0.789999
vt 0.685317 0.791850
vt 0.598611 0.769763
vt 0.612133 0.776572
vt 0.700343 0.800623
vt 0.685245 0.799507
vt 0.604513 0.760929
vt 0.616448 0.770245
vt 0.698271 0.811043
vt 0.683680 0.807003
vt 0.612026 0.753416
vt 0.621913 0.764882
vt 0.694205 0.820859
vt 0.680683 0.814050
vt 0.620860 0.747514
vt 0.628320 0.760688
vt 0.688302 0.829693
vt 0.676368 0.820376
vt 0.630675 0.743448
vt 0.635422 0.757824
vt 0.680790 0.837205
vt 0.670902 0.825740
vt 0.641096 0.741375
vt 0.642947 0.756402
vt 0.671956 0.843108
vt 0.664495 0.829934
vt 0.651720 0.741375
vt 0.650604 0.756474
vt 0.612026 0.837205
vt 0.621342 0.825271
vt 0.662140 0.847174
vt 0.657393 0.832797
vt 0.111637 0.700475
vt 0.089139 0.692355
vt 0.095730 0.680046
vt 0.114908 0.686643
vt 0.563182 0.203666
vt 0.565938 0.189709
vt 0.589188 0.196677
vt 0.587368 0.205972
vt 0.539698 0.201402
vt 0.543557 0.182991
vt 0.514882 0.198952
vt 0.519191 0.175605
vt 0.488890 0.196489
vt 0.495029 0.168331
vt 0.463054 0.193880
vt 0.469576 0.160435
vt 0.436307 0.191277
vt 0.443402 0.152742
vt 0.248188 0.634652
vt 0.238643 0.629347
vt 0.246013 0.609966
vt 0.255722 0.614690
vt 0.458187 0.116068
vt 0.482777 0.129221
vt 0.055462 0.532261
vt 0.068364 0.528249
vt 0.060689 0.548227
vt 0.047593 0.553112
vt 0.069132 0.679369
vt 0.078128 0.668818
vt 0.571373 0.176545
vt 0.592805 0.187918
vt 0.550609 0.165562
vt 0.528431 0.153645
vt 0.505826 0.141727
vt 0.561011 0.149855
vt 0.579255 0.164686
vt 0.541611 0.133836
vt 0.521676 0.117731
vt 0.501416 0.100960
vt 0.480407 0.083394
vt 0.101860 0.481344
vt 0.115075 0.486400
vt 0.098970 0.496076
vt 0.083969 0.494800
vt 0.052519 0.662305
vt 0.063995 0.654390
vt 0.598060 0.180032
vt 0.508242 0.055609
vt 0.525387 0.076911
vt 0.157321 0.689244
vt 0.148518 0.676487
vt 0.179571 0.672598
vt 0.179989 0.685468
vt 0.039814 0.642037
vt 0.053067 0.637410
vt 0.589294 0.154590
vt 0.604751 0.173322
vt 0.574287 0.136485
vt 0.558383 0.116985
vt 0.541944 0.097313
vt 0.578124 0.103738
vt 0.589919 0.125965
vt 0.565832 0.081243
vt 0.553587 0.058003
vt 0.540927 0.033770
vt 0.246715 0.529458
vt 0.236663 0.532385
vt 0.224856 0.514382
vt 0.234787 0.510531
vt 0.031914 0.619292
vt 0.045959 0.617591
vt 0.601104 0.146639
vt 0.612620 0.168048
vt 0.028613 0.595246
vt 0.042779 0.596073
vt 0.614256 0.141201
vt 0.621364 0.164391
vt 0.607311 0.118709
vt 0.600071 0.094603
vt 0.592403 0.070142
vt 0.584929 0.044959
vt 0.577239 0.018723
vt 0.259574 0.593538
vt 0.248833 0.590978
vt 0.248644 0.571869
vt 0.259303 0.571624
vt 0.620630 0.064436
vt 0.623379 0.089922
vt 0.618213 0.038280
vt 0.615788 0.011048
vt 0.065123 0.636622
vt 0.075595 0.651136
vt 0.029511 0.570890
vt 0.043807 0.574742
vt 0.628207 0.138371
vt 0.630653 0.162530
vt 0.625776 0.114974
vt 0.034664 0.546940
vt 0.642442 0.138318
vt 0.640125 0.162517
vt 0.644618 0.114912
vt 0.647155 0.089878
vt 0.649428 0.064346
vt 0.652160 0.038221
vt 0.655093 0.011039
vt 0.200754 0.480153
vt 0.194962 0.489237
vt 0.175079 0.484079
vt 0.180223 0.471396
vt 0.677691 0.069876
vt 0.670480 0.094476
vt 0.685467 0.044786
vt 0.693646 0.018698
vt 0.162701 0.467212
vt 0.159125 0.475751
vt 0.145625 0.478437
vt 0.145048 0.466648
vt 0.043712 0.523898
vt 0.656399 0.141103
vt 0.649428 0.164329
vt 0.663113 0.118543
vt 0.669570 0.146504
vt 0.658185 0.167942
vt 0.680544 0.125697
vt 0.692461 0.103532
vt 0.704331 0.080812
vt 0.716853 0.057721
vt 0.729964 0.033730
vt 0.135306 0.689882
vt 0.126257 0.677508
vt 0.057094 0.502914
vt 0.067432 0.512455
vt 0.745112 0.076531
vt 0.728327 0.096735
vt 0.762652 0.055560
vt 0.201266 0.678264
vt 0.198175 0.667643
vt 0.217930 0.655360
vt 0.220249 0.666838
vt 0.074216 0.484675
vt 0.681431 0.154377
vt 0.666068 0.173192
vt 0.696249 0.136116
vt 0.712253 0.116700
vt 0.691537 0.164407
vt 0.672772 0.179880
vt 0.709625 0.149402
vt 0.729094 0.133477
vt 0.748754 0.117034
vt 0.769158 0.100495
vt 0.790452 0.083349
vt 0.057491 0.565662
vt 0.054382 0.596054
vt 0.094250 0.469907
vt 0.788065 0.128692
vt 0.764824 0.140934
vt 0.812295 0.116026
vt 0.082397 0.514685
vt 0.116547 0.459169
vt 0.122033 0.471897
vt 0.699443 0.176244
vt 0.678068 0.187734
vt 0.720158 0.165054
vt 0.742326 0.153218
vt 0.727512 0.182436
vt 0.704931 0.189365
vt 0.751406 0.175186
vt 0.775917 0.167518
vt 0.801111 0.160030
vt 0.827348 0.152331
vt 0.219348 0.493696
vt 0.211708 0.500165
vt 0.140439 0.453323
vt 0.681698 0.196480
vt 0.835050 0.190887
vt 0.807822 0.193317
vt 0.087381 0.660286
vt 0.098908 0.669675
vt 0.164498 0.453316
vt 0.707697 0.203333
vt 0.683550 0.205768
vt 0.731009 0.200927
vt 0.756257 0.198494
vt 0.781683 0.195724
vt 0.756227 0.222271
vt 0.731154 0.219745
vt 0.781758 0.224551
vt 0.807880 0.227280
vt 0.835061 0.230213
vt 0.111206 0.674189
vt 0.187897 0.458982
vt 0.707759 0.217571
vt 0.683556 0.215239
vt 0.061077 0.617167
vt 0.209931 0.469494
vt 0.704995 0.231530
vt 0.681744 0.224534
vt 0.727543 0.238238
vt 0.751616 0.245604
vt 0.776215 0.252820
vt 0.801306 0.260596
vt 0.827393 0.268778
vt 0.742551 0.267590
vt 0.720380 0.255668
vt 0.765270 0.279465
vt 0.788360 0.291989
vt 0.812349 0.305104
vt 0.236180 0.652309
vt 0.228965 0.641752
vt 0.229684 0.484291
vt 0.699557 0.244681
vt 0.678153 0.233298
vt 0.246400 0.502567
vt 0.691696 0.256551
vt 0.672895 0.241179
vt 0.709965 0.271371
vt 0.729375 0.287388
vt 0.749339 0.303465
vt 0.769541 0.320254
vt 0.790510 0.337797
vt 0.255102 0.550074
vt 0.244012 0.550755
vt 0.729032 0.323898
vt 0.712590 0.304237
vt 0.745570 0.344305
vt 0.762713 0.365601
vt 0.130917 0.477966
vt 0.259600 0.523526
vt 0.681670 0.266660
vt 0.666200 0.247882
vt 0.696685 0.284743
vt 0.268723 0.546507
vt 0.669840 0.274576
vt 0.658345 0.253168
vt 0.681039 0.295259
vt 0.692838 0.317482
vt 0.705128 0.339974
vt 0.717366 0.363215
vt 0.730024 0.387448
vt 0.678546 0.351076
vt 0.670882 0.326618
vt 0.686015 0.376259
vt 0.693701 0.402495
vt 0.273527 0.570719
vt 0.656698 0.280045
vt 0.649607 0.256817
vt 0.663646 0.302517
vt 0.642742 0.282846
vt 0.640322 0.258689
vt 0.645171 0.306243
vt 0.647565 0.331293
vt 0.650311 0.356778
vt 0.652722 0.382934
vt 0.655141 0.410166
vt 0.273718 0.595360
vt 0.618767 0.382985
vt 0.621506 0.356861
vt 0.615827 0.410166
vt 0.269076 0.619440
vt 0.628509 0.282869
vt 0.630848 0.258714
vt 0.626325 0.306292
vt 0.623785 0.331329
vt 0.607831 0.302663
vt 0.614549 0.280104
vt 0.600456 0.326727
vt 0.593239 0.351323
vt 0.585457 0.376411
vt 0.577270 0.402497
vt 0.259845 0.642038
vt 0.621550 0.256891
vt 0.540952 0.387454
vt 0.554069 0.363467
vt 0.245813 0.661958
vt 0.601369 0.274720
vt 0.612793 0.253274
vt 0.590398 0.295509
vt 0.578470 0.317663
vt 0.566595 0.340379
vt 0.574695 0.285075
vt 0.589536 0.266811
vt 0.106859 0.717286
vt 0.081001 0.707817
vt 0.558676 0.304483
vt 0.057904 0.692693
vt 0.542599 0.324446
vt 0.038607 0.672885
vt 0.525812 0.344649
vt 0.024043 0.649360
vt 0.508267 0.365617
vt 0.227911 0.678586
vt 0.604900 0.248034
vt 0.480474 0.337826
vt 0.501770 0.320682
vt 0.014850 0.623263
vt 0.206786 0.690984
vt 0.011039 0.595890
vt 0.579420 0.256790
vt 0.598200 0.241343
vt 0.011816 0.568251
vt 0.561325 0.271792
vt 0.017807 0.541153
vt 0.541831 0.287695
vt 0.028359 0.515360
vt 0.522171 0.304139
vt 0.043496 0.491783
vt 0.062783 0.471315
vt 0.138546 0.436073
vt 0.166622 0.436317
vt 0.528583 0.267942
vt 0.550807 0.256139
vt 0.193918 0.442495
vt 0.506096 0.280234
vt 0.219176 0.454602
vt 0.482868 0.292490
vt 0.241576 0.471377
vt 0.458640 0.305155
vt 0.085559 0.454769
vt 0.183697 0.699233
vt 0.111042 0.442602
vt 0.571509 0.244959
vt 0.592913 0.233480
vt 0.260435 0.492007
vt 0.159623 0.703516
vt 0.275192 0.515709
vt 0.566064 0.231814
vt 0.589261 0.224737
vt 0.285788 0.541574
vt 0.543537 0.238738
vt 0.291057 0.569086
vt 0.519438 0.245985
vt 0.291057 0.597113
vt 0.494984 0.253647
vt 0.285914 0.624709
vt 0.469831 0.261160
vt 0.274920 0.650539
vt 0.443611 0.268869
vt 0.514752 0.222662
vt 0.539749 0.220266
vt 0.188370 0.716335
vt 0.161300 0.721173
vt 0.489235 0.225381
vt 0.133875 0.721915
vt 0.135372 0.704233
vt 0.463149 0.227894
vt 0.435992 0.230386
vt 0.258966 0.673648
vt 0.238314 0.692581
vt 0.563266 0.217877
vt 0.587408 0.215448
vt 0.214371 0.706846
vt 0.141298 0.566047
vt 0.138928 0.567107
vt 0.168015 0.587210
vt 0.168203 0.583118
vt 0.136902 0.571750
vt 0.170814 0.579818
vt 0.135856 0.574160
vt 0.169424 0.577089
vt 0.149318 0.591717
vt 0.152108 0.594238
vt 0.133625 0.576042
vt 0.168198 0.574814
vt 0.132824 0.578443
vt 0.164764 0.572758
vt 0.131349 0.581156
vt 0.163398 0.569130
vt 0.134692 0.584460
vt 0.159807 0.567390
vt 0.136786 0.586213
vt 0.157350 0.565502
vt 0.154491 0.595579
vt 0.139397 0.588422
vt 0.154547 0.565262
vt 0.159539 0.595178
vt 0.141485 0.590138
vt 0.151717 0.563966
vt 0.161787 0.594223
vt 0.145547 0.589688
vt 0.146556 0.565401
vt 0.164533 0.590941
vt 0.144105 0.565963
vt 0.166135 0.588994
vt 0.347885 0.689825
vt 0.333851 0.716081
vt 0.327404 0.711773
vt 0.346291 0.688760
vt 0.353452 0.671471
vt 0.356370 0.641843
vt 0.363975 0.643355
vt 0.355332 0.671845
vt 0.321922 0.706291
vt 0.344936 0.687404
vt 0.361851 0.678363
vt 0.390340 0.669721
vt 0.391853 0.677325
vt 0.362224 0.680243
vt 0.371137 0.646322
vt 0.357103 0.672578
vt 0.317615 0.699845
vt 0.343871 0.685811
vt 0.391853 0.685078
vt 0.362224 0.682160
vt 0.377584 0.650629
vt 0.358697 0.673643
vt 0.314648 0.692682
vt 0.343137 0.684040
vt 0.390340 0.692682
vt 0.361851 0.684040
vt 0.383066 0.656112
vt 0.360052 0.674999
vt 0.313135 0.685078
vt 0.342763 0.682160
vt 0.387373 0.699845
vt 0.361117 0.685811
vt 0.387373 0.662558
vt 0.361117 0.676592
vt 0.313135 0.677325
vt 0.342763 0.680243
vt 0.383066 0.706291
vt 0.360052 0.687404
vt 0.314648 0.669721
vt 0.343137 0.678363
vt 0.377584 0.711773
vt 0.358697 0.688760
vt 0.317615 0.662558
vt 0.343871 0.676592
vt 0.371137 0.716081
vt 0.357103 0.689825
vt 0.321922 0.656112
vt 0.344936 0.674999
vt 0.363975 0.719048
vt 0.355332 0.690558
vt 0.327404 0.650629
vt 0.346291 0.673643
vt 0.356370 0.720560
vt 0.353452 0.690932
vt 0.333851 0.646322
vt 0.347885 0.672578
vt 0.348617 0.720560
vt 0.351536 0.690932
vt 0.341013 0.643355
vt 0.349656 0.671845
vt 0.341013 0.719048
vt 0.349656 0.690558
vt 0.348617 0.641843
vt 0.351536 0.671471
vt 0.788857 0.743472
vt 0.784758 0.756782
vt 0.777470 0.755454
vt 0.778963 0.741375
vt 0.789477 0.842832
vt 0.785553 0.829118
vt 0.792352 0.826194
vt 0.798950 0.838909
vt 0.741311 0.833411
vt 0.750563 0.822581
vt 0.756765 0.826624
vt 0.749804 0.839051
vt 0.770065 0.755560
vt 0.768782 0.741375
vt 0.798432 0.821981
vt 0.807608 0.833276
vt 0.763637 0.829378
vt 0.759237 0.842925
vt 0.762831 0.757118
vt 0.758721 0.743373
vt 0.803658 0.816766
vt 0.814433 0.825640
vt 0.770914 0.830738
vt 0.769249 0.844885
vt 0.756064 0.760086
vt 0.749061 0.747196
vt 0.807685 0.810546
vt 0.820203 0.817317
vt 0.749921 0.764186
vt 0.740661 0.753264
vt 0.810409 0.803681
vt 0.824285 0.807911
vt 0.744707 0.769439
vt 0.733636 0.760633
vt 0.811852 0.796404
vt 0.825714 0.797812
vt 0.740601 0.775607
vt 0.728365 0.769178
vt 0.811750 0.788990
vt 0.825846 0.787742
vt 0.737887 0.782526
vt 0.724389 0.778377
vt 0.810216 0.781740
vt 0.823877 0.777802
vt 0.736545 0.789823
vt 0.722421 0.788278
vt 0.807302 0.774929
vt 0.819963 0.768413
vt 0.736638 0.797236
vt 0.722455 0.798417
vt 0.803115 0.768821
vt 0.814275 0.759943
vt 0.738170 0.804485
vt 0.724473 0.808379
vt 0.797816 0.763658
vt 0.807037 0.752699
vt 0.741083 0.811295
vt 0.728398 0.817771
vt 0.791608 0.759656
vt 0.798530 0.746863
vt 0.778315 0.830650
vt 0.779457 0.844853
vt 0.745268 0.817405
vt 0.734083 0.826225
vt 0.441508 0.533906
vt 0.452327 0.507785
vt 0.453599 0.508465
vt 0.442888 0.534324
vt 0.468034 0.484278
vt 0.469149 0.485193
vt 0.488026 0.464286
vt 0.488941 0.465401
vt 0.511533 0.448579
vt 0.512213 0.449851
vt 0.537653 0.437760
vt 0.538072 0.439140
vt 0.565382 0.432244
vt 0.565524 0.433679
vt 0.593655 0.432244
vt 0.593513 0.433679
vt 0.621384 0.437760
vt 0.620965 0.439140
vt 0.647504 0.448579
vt 0.646824 0.449851
vt 0.671011 0.464286
vt 0.670096 0.465401
vt 0.691003 0.484278
vt 0.689888 0.485193
vt 0.706710 0.507785
vt 0.705438 0.508465
vt 0.717529 0.533906
vt 0.716149 0.534324
vt 0.723045 0.561634
vt 0.721610 0.561776
vt 0.723045 0.589907
vt 0.721610 0.589765
vt 0.717529 0.617636
vt 0.716149 0.617217
vt 0.706710 0.643756
vt 0.705438 0.643076
vt 0.691003 0.667263
vt 0.689888 0.666349
vt 0.671011 0.687255
vt 0.670097 0.686140
vt 0.647504 0.702962
vt 0.646824 0.701690
vt 0.621384 0.713782
vt 0.620965 0.712401
vt 0.593655 0.719297
vt 0.593513 0.717862
vt 0.565383 0.719297
vt 0.565524 0.717862
vt 0.537654 0.713782
vt 0.538072 0.712401
vt 0.511533 0.702962
vt 0.512213 0.701690
vt 0.488026 0.687255
vt 0.488941 0.686140
vt 0.468034 0.667264
vt 0.469149 0.666349
vt 0.452327 0.643756
vt 0.453599 0.643076
vt 0.441508 0.617636
vt 0.442888 0.617217
vt 0.435992 0.589907
vt 0.437427 0.589766
vt 0.435992 0.561635
vt 0.437427 0.561776
vt 0.392389 0.567576
vt 0.393942 0.575382
vt 0.392507 0.575523
vt 0.391009 0.567994
vt 0.393942 0.583340
vt 0.392507 0.583199
vt 0.392389 0.591146
vt 0.391009 0.590728
vt 0.389344 0.598499
vt 0.388072 0.597820
vt 0.384922 0.605117
vt 0.383807 0.604202
vt 0.379294 0.610745
vt 0.378379 0.609630
vt 0.372677 0.615166
vt 0.371997 0.613894
vt 0.365324 0.618212
vt 0.364905 0.616832
vt 0.357518 0.619765
vt 0.357377 0.618329
vt 0.349559 0.619765
vt 0.349701 0.618329
vt 0.341753 0.618212
vt 0.342172 0.616832
vt 0.334400 0.615166
vt 0.335080 0.613894
vt 0.327783 0.610745
vt 0.328698 0.609630
vt 0.322155 0.605117
vt 0.323270 0.604202
vt 0.317733 0.598499
vt 0.319005 0.597820
vt 0.314688 0.591146
vt 0.316068 0.590728
vt 0.313135 0.583341
vt 0.314570 0.583199
vt 0.313135 0.575382
vt 0.314570 0.575523
vt 0.314688 0.567576
vt 0.316068 0.567994
vt 0.317733 0.560223
vt 0.319005 0.560903
vt 0.322155 0.553605
vt 0.323270 0.554520
vt 0.327783 0.547978
vt 0.328698 0.549092
vt 0.334400 0.543556
vt 0.335080 0.544828
vt 0.341753 0.540510
vt 0.342172 0.541890
vt 0.349559 0.538958
vt 0.349701 0.540393
vt 0.357518 0.538958
vt 0.357377 0.540393
vt 0.365324 0.540510
vt 0.364905 0.541890
vt 0.372677 0.543556
vt 0.371997 0.544828
vt 0.379294 0.547978
vt 0.378379 0.549092
vt 0.384922 0.553605
vt 0.383807 0.554520
vt 0.389344 0.560223
vt 0.388072 0.560903
s 0
usemtl Material
f 253/1/1 317/2/1 6/3/1 316/4/1
f 2/5/2 318/6/2 7/7/2 8/8/2
f 319/9/3 2/5/3 8/8/3 9/10/3
f 3/11/4 319/9/4 9/10/4 10/12/4
f 320/13/5 3/11/5 10/12/5 11/14/5
f 4/15/6 320/13/6 11/14/6 12/16/6
f 5/17/7 4/15/7 12/16/7 13/18/7
f 212/19/8 197/20/8 206/21/8 205/22/8
f 13/18/9 12/16/9 20/23/9 21/24/9
f 70/25/10 62/26/10 238/27/10 237/28/10
f 316/4/11 6/3/11 14/29/11 315/30/11
f 8/8/12 7/7/12 15/31/12 16/32/12
f 9/10/13 8/8/13 16/32/13 17/33/13
f 10/12/14 9/10/14 17/33/14 18/34/14
f 11/14/15 10/12/15 18/34/15 19/35/15
f 12/16/16 11/14/16 19/35/16 20/23/16
f 17/33/17 16/32/17 24/36/17 25/37/17
f 18/34/18 17/33/18 25/37/18 26/38/18
f 19/35/19 18/34/19 26/38/19 27/39/19
f 20/23/20 19/35/20 27/39/20 28/40/20
f 21/24/21 20/23/21 28/40/21 29/41/21
f 94/42/22 86/43/22 235/44/22 226/45/22
f 315/30/23 14/29/23 22/46/23 314/47/23
f 16/32/24 15/31/24 23/48/24 24/36/24
f 29/41/25 28/40/25 36/49/25 37/50/25
f 287/51/26 272/52/26 193/53/26 192/54/26
f 314/47/27 22/46/27 30/55/27 313/56/27
f 24/36/28 23/48/28 31/57/28 32/58/28
f 25/37/29 24/36/29 32/58/29 33/59/29
f 26/38/30 25/37/30 33/59/30 34/60/30
f 27/39/31 26/38/31 34/60/31 35/61/31
f 28/40/32 27/39/32 35/61/32 36/49/32
f 34/60/33 33/59/33 41/62/33 42/63/33
f 35/61/34 34/60/34 42/63/34 43/64/34
f 36/49/35 35/61/35 43/64/35 44/65/35
f 37/50/36 36/49/36 44/65/36 45/66/36
f 158/67/37 150/68/37 211/69/37 210/70/37
f 313/56/38 30/55/38 38/71/38 312/72/38
f 32/58/39 31/57/39 39/73/39 40/74/39
f 33/59/40 32/58/40 40/74/40 41/62/40
f 312/72/41 38/71/41 46/75/41 311/76/41
f 40/74/42 39/73/42 47/77/42 48/78/42
f 41/62/43 40/74/43 48/78/43 49/79/43
f 42/63/44 41/62/44 49/79/44 50/80/44
f 43/64/45 42/63/45 50/80/45 51/81/45
f 44/65/46 43/64/46 51/81/46 52/82/46
f 45/66/47 44/65/47 52/82/47 53/83/47
f 182/84/48 174/85/48 208/86/48 207/87/48
f 51/81/49 50/80/49 58/88/49 59/89/49
f 52/82/50 51/81/50 59/89/50 60/90/50
f 53/83/51 52/82/51 60/90/51 61/91/51
f 30/55/52 22/46/52 251/92/52 250/93/52
f 311/76/53 46/75/53 54/94/53 310/95/53
f 48/78/54 47/77/54 55/96/54 56/97/54
f 49/79/55 48/78/55 56/97/55 57/98/55
f 50/80/56 49/79/56 57/98/56 58/88/56
f 310/95/57 54/94/57 62/26/57 301/99/57
f 56/97/58 55/96/58 63/100/58 64/101/58
f 57/98/59 56/97/59 64/101/59 65/102/59
f 58/88/60 57/98/60 65/102/60 66/103/60
f 59/89/61 58/88/61 66/103/61 67/104/61
f 60/90/62 59/89/62 67/104/62 68/105/62
f 61/91/63 60/90/63 68/105/63 69/106/63
f 134/107/64 126/108/64 222/109/64 221/110/64
f 67/104/65 66/103/65 74/111/65 75/112/65
f 68/105/66 67/104/66 75/112/66 76/113/66
f 69/106/67 68/105/67 76/113/67 77/114/67
f 118/115/68 110/116/68 224/117/68 223/118/68
f 301/99/69 62/26/69 70/25/69 300/119/69
f 64/101/70 63/100/70 71/120/70 72/121/70
f 65/102/71 64/101/71 72/121/71 73/122/71
f 66/103/72 65/102/72 73/122/72 74/111/72
f 72/121/73 71/120/73 79/123/73 80/124/73
f 73/122/74 72/121/74 80/124/74 81/125/74
f 74/111/75 73/122/75 81/125/75 82/126/75
f 75/112/76 74/111/76 82/126/76 83/127/76
f 76/113/77 75/112/77 83/127/77 84/128/77
f 77/114/78 76/113/78 84/128/78 85/129/78
f 302/130/79 287/51/79 192/54/79 191/131/79
f 300/119/80 70/25/80 78/132/80 299/133/80
f 84/128/81 83/127/81 91/134/81 92/135/81
f 85/129/82 84/128/82 92/135/82 93/136/82
f 257/137/83 242/138/83 195/139/83 194/140/83
f 299/133/84 78/132/84 86/43/84 298/141/84
f 80/124/85 79/123/85 87/142/85 88/143/85
f 81/125/86 80/124/86 88/143/86 89/144/86
f 82/126/87 81/125/87 89/144/87 90/145/87
f 83/127/88 82/126/88 90/145/88 91/134/88
f 88/143/89 87/142/89 95/146/89 96/147/89
f 89/144/90 88/143/90 96/147/90 97/148/90
f 90/145/91 89/144/91 97/148/91 98/149/91
f 91/134/92 90/145/92 98/149/92 99/150/92
f 92/135/93 91/134/93 99/150/93 100/151/93
f 93/136/94 92/135/94 100/151/94 101/152/94
f 54/94/95 46/75/95 240/153/95 239/154/95
f 298/141/96 86/43/96 94/42/96 297/155/96
f 100/151/97 99/150/97 107/156/97 108/157/97
f 101/152/98 100/151/98 108/157/98 109/158/98
f 78/132/99 70/25/99 237/28/99 236/159/99
f 297/155/100 94/42/100 102/160/100 296/161/100
f 96/147/101 95/146/101 103/162/101 104/163/101
f 97/148/102 96/147/102 104/163/102 105/164/102
f 98/149/103 97/148/103 105/164/103 106/165/103
f 99/150/104 98/149/104 106/165/104 107/156/104
f 105/164/105 104/163/105 112/166/105 113/167/105
f 106/165/106 105/164/106 113/167/106 114/168/106
f 107/156/107 106/165/107 114/168/107 115/169/107
f 108/157/108 107/156/108 115/169/108 116/170/108
f 109/158/109 108/157/109 116/170/109 117/171/109
f 142/172/110 134/107/110 221/110/110 220/173/110
f 296/161/111 102/160/111 110/116/111 295/174/111
f 104/163/112 103/162/112 111/175/112 112/166/112
f 117/171/113 116/170/113 124/176/113 125/177/113
f 14/29/114 6/3/114 1/178/114 252/179/114
f 295/174/115 110/116/115 118/115/115 286/180/115
f 112/166/116 111/175/116 119/181/116 120/182/116
f 113/167/117 112/166/117 120/182/117 121/183/117
f 114/168/118 113/167/118 121/183/118 122/184/118
f 115/169/119 114/168/119 122/184/119 123/185/119
f 116/170/120 115/169/120 123/185/120 124/176/120
f 122/184/121 121/183/121 129/186/121 130/187/121
f 123/185/122 122/184/122 130/187/122 131/188/122
f 124/176/123 123/185/123 131/188/123 132/189/123
f 125/177/124 124/176/124 132/189/124 133/190/124
f 317/2/125 302/130/125 191/131/125 190/191/125
f 286/180/126 118/115/126 126/108/126 285/192/126
f 120/182/127 119/181/127 127/193/127 128/194/127
f 121/183/128 120/182/128 128/194/128 129/186/128
f 38/71/129 30/55/129 250/93/129 241/195/129
f 285/192/130 126/108/130 134/107/130 284/196/130
f 128/194/131 127/193/131 135/197/131 136/198/131
f 129/186/132 128/194/132 136/198/132 137/199/132
f 130/187/133 129/186/133 137/199/133 138/200/133
f 131/188/134 130/187/134 138/200/134 139/201/134
f 132/189/135 131/188/135 139/201/135 140/202/135
f 133/190/136 132/189/136 140/202/136 141/203/136
f 138/200/137 137/199/137 145/204/137 146/205/137
f 139/201/138 138/200/138 146/205/138 147/206/138
f 140/202/139 139/201/139 147/206/139 148/207/139
f 141/203/140 140/202/140 148/207/140 149/208/140
f 227/209/141 212/19/141 205/22/141 196/210/141
f 284/196/142 134/107/142 142/172/142 283/211/142
f 136/198/143 135/197/143 143/212/143 144/213/143
f 137/199/144 136/198/144 144/213/144 145/204/144
f 283/211/145 142/172/145 150/68/145 282/214/145
f 144/213/146 143/212/146 151/215/146 152/216/146
f 145/204/147 144/213/147 152/216/147 153/217/147
f 146/205/148 145/204/148 153/217/148 154/218/148
f 147/206/149 146/205/149 154/218/149 155/219/149
f 148/207/150 147/206/150 155/219/150 156/220/150
f 149/208/151 148/207/151 156/220/151 157/221/151
f 166/222/152 158/67/152 210/70/152 209/223/152
f 155/219/153 154/218/153 162/224/153 163/225/153
f 156/220/154 155/219/154 163/225/154 164/226/154
f 157/221/155 156/220/155 164/226/155 165/227/155
f 102/160/156 94/42/156 226/45/156 225/228/156
f 282/214/157 150/68/157 158/67/157 281/229/157
f 152/216/158 151/215/158 159/230/158 160/231/158
f 153/217/159 152/216/159 160/231/159 161/232/159
f 154/218/160 153/217/160 161/232/160 162/224/160
f 281/229/161 158/67/161 166/222/161 280/233/161
f 160/231/162 159/230/162 167/234/162 168/235/162
f 161/232/163 160/231/163 168/235/163 169/236/163
f 162/224/164 161/232/164 169/236/164 170/237/164
f 163/225/165 162/224/165 170/237/165 171/238/165
f 164/226/166 163/225/166 171/238/166 172/239/166
f 165/227/167 164/226/167 172/239/167 173/240/167
f 272/52/168 257/137/168 194/140/168 193/53/168
f 171/238/169 170/237/169 178/241/169 179/242/169
f 172/239/170 171/238/170 179/242/170 180/243/170
f 173/240/171 172/239/171 180/243/171 181/244/171
f 197/20/172 182/84/172 207/87/172 206/21/172
f 280/233/173 166/222/173 174/85/173 271/245/173
f 168/235/174 167/234/174 175/246/174 176/247/174
f 169/236/175 168/235/175 176/247/175 177/248/175
f 170/237/176 169/236/176 177/248/176 178/241/176
f 176/247/177 175/246/177 183/249/177 184/250/177
f 177/248/178 176/247/178 184/250/178 185/251/178
f 178/241/179 177/248/179 185/251/179 186/252/179
f 179/242/180 178/241/180 186/252/180 187/253/180
f 180/243/181 179/242/181 187/253/181 188/254/181
f 181/244/182 180/243/182 188/254/182 189/255/182
f 62/26/183 54/94/183 239/154/183 238/27/183
f 271/245/184 174/85/184 182/84/184 270/256/184
f 188/254/185 187/253/185 202/257/185 203/258/185
f 189/255/186 188/254/186 203/258/186 204/259/186
f 126/108/187 118/115/187 223/118/187 222/109/187
f 270/256/188 182/84/188 197/20/188 269/260/188
f 184/250/189 183/249/189 198/261/189 199/262/189
f 185/251/190 184/250/190 199/262/190 200/263/190
f 186/252/191 185/251/191 200/263/191 201/264/191
f 187/253/192 186/252/192 201/264/192 202/257/192
f 200/263/193 199/262/193 214/265/193 215/266/193
f 201/264/194 200/263/194 215/266/194 216/267/194
f 202/257/195 201/264/195 216/267/195 217/268/195
f 203/258/196 202/257/196 217/268/196 218/269/196
f 204/259/197 203/258/197 218/269/197 219/270/197
f 150/68/198 142/172/198 220/173/198 211/69/198
f 269/260/199 197/20/199 212/19/199 268/271/199
f 199/262/200 198/261/200 213/272/200 214/265/200
f 219/270/201 218/269/201 233/273/201 234/274/201
f 22/46/202 14/29/202 252/179/202 251/92/202
f 268/271/203 212/19/203 227/209/203 267/275/203
f 214/265/204 213/272/204 228/276/204 229/277/204
f 215/266/205 214/265/205 229/277/205 230/278/205
f 216/267/206 215/266/206 230/278/206 231/279/206
f 217/268/207 216/267/207 231/279/207 232/280/207
f 218/269/208 217/268/208 232/280/208 233/273/208
f 230/278/209 229/277/209 244/281/209 245/282/209
f 318/283/210 253/1/210 316/4/210 7/284/210
f 231/279/211 230/278/211 245/282/211 246/285/211
f 7/284/212 316/4/212 315/30/212 15/286/212
f 232/280/213 231/279/213 246/285/213 247/287/213
f 15/286/214 315/30/214 314/47/214 23/288/214
f 233/273/215 232/280/215 247/287/215 248/289/215
f 23/288/216 314/47/216 313/56/216 31/290/216
f 234/274/217 233/273/217 248/289/217 249/291/217
f 46/75/218 38/71/218 241/195/218 240/153/218
f 267/275/219 227/209/219 242/138/219 266/292/219
f 229/277/220 228/276/220 243/293/220 244/281/220
f 249/291/221 248/289/221 263/294/221 264/295/221
f 86/43/222 78/132/222 236/159/222 235/44/222
f 31/290/223 313/56/223 312/72/223 39/296/223
f 266/292/224 242/138/224 257/137/224 265/297/224
f 39/296/225 312/72/225 311/76/225 47/298/225
f 244/281/226 243/293/226 258/299/226 259/300/226
f 47/298/227 311/76/227 310/95/227 55/301/227
f 245/282/228 244/281/228 259/300/228 260/302/228
f 55/301/229 310/95/229 301/99/229 63/303/229
f 246/285/230 245/282/230 260/302/230 261/304/230
f 63/303/231 301/99/231 300/119/231 71/305/231
f 247/287/232 246/285/232 261/304/232 262/306/232
f 71/305/233 300/119/233 299/133/233 79/307/233
f 248/289/234 247/287/234 262/306/234 263/294/234
f 79/307/235 299/133/235 298/141/235 87/308/235
f 111/309/236 295/174/236 286/180/236 119/310/236
f 261/304/237 260/302/237 275/311/237 276/312/237
f 119/310/238 286/180/238 285/192/238 127/313/238
f 262/306/239 261/304/239 276/312/239 277/314/239
f 127/313/240 285/192/240 284/196/240 135/315/240
f 263/294/241 262/306/241 277/314/241 278/316/241
f 135/315/242 284/196/242 283/211/242 143/317/242
f 264/295/243 263/294/243 278/316/243 279/318/243
f 242/138/244 227/209/244 196/210/244 195/139/244
f 87/308/245 298/141/245 297/155/245 95/319/245
f 265/297/246 257/137/246 272/52/246 256/320/246
f 95/319/247 297/155/247 296/161/247 103/321/247
f 259/300/248 258/299/248 273/322/248 274/323/248
f 103/321/249 296/161/249 295/174/249 111/309/249
f 260/302/250 259/300/250 274/323/250 275/311/250
f 6/3/251 317/2/251 190/191/251 1/178/251
f 143/317/252 283/211/252 282/214/252 151/324/252
f 256/320/253 272/52/253 287/51/253 255/325/253
f 151/324/254 282/214/254 281/229/254 159/326/254
f 274/323/255 273/322/255 288/327/255 289/328/255
f 159/326/256 281/229/256 280/233/256 167/329/256
f 275/311/257 274/323/257 289/328/257 290/330/257
f 167/329/258 280/233/258 271/245/258 175/331/258
f 276/312/259 275/311/259 290/330/259 291/332/259
f 175/331/260 271/245/260 270/256/260 183/333/260
f 277/314/261 276/312/261 291/332/261 292/334/261
f 183/333/262 270/256/262 269/260/262 198/335/262
f 278/316/263 277/314/263 292/334/263 293/336/263
f 198/335/264 269/260/264 268/271/264 213/337/264
f 279/318/265 278/316/265 293/336/265 294/338/265
f 291/332/266 290/330/266 305/339/266 306/340/266
f 273/341/267 256/320/267 255/325/267 288/342/267
f 292/334/268 291/332/268 306/340/268 307/343/268
f 288/342/269 255/325/269 254/344/269 303/345/269
f 293/336/270 292/334/270 307/343/270 308/346/270
f 303/345/271 254/344/271 253/1/271 318/283/271
f 294/338/272 293/336/272 308/346/272 309/347/272
f 110/116/273 102/160/273 225/228/273 224/117/273
f 213/337/274 268/271/274 267/275/274 228/348/274
f 255/325/275 287/51/275 302/130/275 254/344/275
f 228/348/276 267/275/276 266/292/276 243/349/276
f 289/328/277 288/327/277 303/350/277 304/351/277
f 243/349/278 266/292/278 265/297/278 258/352/278
f 290/330/279 289/328/279 304/351/279 305/339/279
f 258/352/280 265/297/280 256/320/280 273/341/280
f 254/344/281 302/130/281 317/2/281 253/1/281
f 304/351/282 303/350/282 318/6/282 2/5/282
f 305/339/283 304/351/283 2/5/283 319/9/283
f 306/340/284 305/339/284 319/9/284 3/11/284
f 307/343/285 306/340/285 3/11/285 320/13/285
f 308/346/286 307/343/286 320/13/286 4/15/286
f 309/347/287 308/346/287 4/15/287 5/17/287
f 174/85/288 166/222/288 209/223/288 208/86/288
f 226/353/289 235/354/289 343/355/289 342/356/289
f 205/357/290 206/358/290 330/359/290 329/360/290
f 235/354/291 236/361/291 344/362/291 343/355/291
f 206/358/292 207/363/292 331/364/292 330/359/292
f 236/361/293 237/365/293 345/366/293 344/362/293
f 207/363/294 208/367/294 332/368/294 331/364/294
f 190/369/295 191/370/295 323/371/295 322/372/295
f 237/365/296 238/373/296 346/374/296 345/366/296
f 208/367/297 209/375/297 333/376/297 332/368/297
f 238/373/298 239/377/298 347/378/298 346/374/298
f 209/375/299 210/379/299 334/380/299 333/376/299
f 239/377/300 240/381/300 348/382/300 347/378/300
f 210/379/301 211/383/301 335/384/301 334/380/301
f 240/381/302 241/385/302 349/386/302 348/382/302
f 211/383/303 220/387/303 336/388/303 335/384/303
f 241/385/304 250/389/304 350/390/304 349/386/304
f 220/387/305 221/391/305 337/392/305 336/388/305
f 191/370/306 192/393/306 324/394/306 323/371/306
f 250/389/307 251/395/307 351/396/307 350/390/307
f 221/391/308 222/397/308 338/398/308 337/392/308
f 192/393/309 193/399/309 325/400/309 324/394/309
f 251/395/310 252/401/310 352/402/310 351/396/310
f 222/397/311 223/403/311 339/404/311 338/398/311
f 193/399/312 194/405/312 326/406/312 325/400/312
f 252/401/313 1/407/313 321/408/313 352/402/313
f 1/407/314 190/369/314 322/372/314 321/408/314
f 223/403/315 224/409/315 340/410/315 339/404/315
f 194/405/316 195/411/316 327/412/316 326/406/316
f 224/409/317 225/413/317 341/414/317 340/410/317
f 195/411/318 196/415/318 328/416/318 327/412/318
f 225/413/319 226/353/319 342/356/319 341/414/319
f 196/415/320 205/357/320 329/360/320 328/416/320
f 333/417/321 334/418/321 366/419/321 365/420/321
f 347/421/321 348/422/321 380/423/321 379/424/321
f 334/418/321 335/425/321 367/426/321 366/419/321
f 321/427/321 322/428/321 354/429/321 353/430/321
f 348/422/321 349/431/321 381/432/321 380/423/321
f 335/425/321 336/433/321 368/434/321 367/426/321
f 322/428/321 323/435/321 355/436/321 354/429/321
f 349/431/321 350/437/321 382/438/321 381/432/321
f 336/433/321 337/439/321 369/440/321 368/434/321
f 323/435/321 324/441/321 356/442/321 355/436/321
f 350/437/321 351/443/321 383/444/321 382/438/321
f 337/439/321 338/445/321 370/446/321 369/440/321
f 324/441/321 325/447/321 357/448/321 356/442/321
f 351/443/321 352/449/321 384/450/321 383/444/321
f 338/445/321 339/451/321 371/452/321 370/446/321
f 325/447/321 326/453/321 358/454/321 357/448/321
f 352/449/321 321/427/321 353/430/321 384/450/321
f 339/451/321 340/455/321 372/456/321 371/452/321
f 326/453/321 327/457/321 359/458/321 358/454/321
f 340/455/321 341/459/321 373/460/321 372/456/321
f 327/457/321 328/461/321 360/462/321 359/458/321
f 341/459/321 342/463/321 374/464/321 373/460/321
f 328/461/321 329/465/321 361/466/321 360/462/321
f 342/463/321 343/467/321 375/468/321 374/464/321
f 329/465/321 330/469/321 362/470/321 361/466/321
f 343/467/321 344/471/321 376/472/321 375/468/321
f 330/469/321 331/473/321 363/474/321 362/470/321
f 344/471/321 345/475/321 377/476/321 376/472/321
f 331/473/321 332/477/321 364/478/321 363/474/321
f 345/475/321 346/479/321 378/480/321 377/476/321
f 332/477/321 333/417/321 365/420/321 364/478/321
f 346/479/321 347/421/321 379/424/321 378/480/321
f 368/481/305 369/482/305 401/483/305 400/484/305
f 355/485/306 356/486/306 388/487/306 387/488/306
f 382/489/307 383/490/307 415/491/307 414/492/307
f 369/482/308 370/493/308 402/494/308 401/483/308
f 356/486/309 357/495/309 389/496/309 388/487/309
f 383/490/310 384/497/310 416/498/310 415/491/310
f 370/493/311 371/499/311 403/500/311 402/494/311
f 357/495/312 358/501/312 390/502/312 389/496/312
f 384/497/313 353/503/313 385/504/313 416/498/313
f 371/499/315 372/505/315 404/506/315 403/500/315
f 358/501/316 359/507/316 391/508/316 390/502/316
f 372/505/317 373/509/317 405/510/317 404/506/317
f 359/507/318 360/511/318 392/512/318 391/508/318
f 373/509/319 374/513/319 406/514/319 405/510/319
f 360/511/320 361/515/320 393/516/320 392/512/320
f 374/513/289 375/517/289 407/518/289 406/514/289
f 361/515/290 362/519/290 394/520/290 393/516/290
f 375/517/291 376/521/291 408/522/291 407/518/291
f 362/519/292 363/523/292 395/524/292 394/520/292
f 376/521/293 377/525/293 409/526/293 408/522/293
f 363/523/294 364/527/294 396/528/294 395/524/294
f 377/525/296 378/529/296 410/530/296 409/526/296
f 364/527/297 365/531/297 397/532/297 396/528/297
f 378/529/298 379/533/298 411/534/298 410/530/298
f 365/531/299 366/535/299 398/536/299 397/532/299
f 379/533/300 380/537/300 412/538/300 411/534/300
f 366/535/301 367/539/301 399/540/301 398/536/301
f 353/503/314 354/541/314 386/542/314 385/504/314
f 380/537/302 381/543/302 413/544/302 412/538/302
f 367/539/303 368/481/303 400/484/303 399/540/303
f 354/541/295 355/485/295 387/488/295 386/542/295
f 381/543/304 382/489/304 414/492/304 413/544/304
f 669/545/322 732/546/322 422/547/322 733/548/322
f 418/549/323 424/550/323 423/551/323 734/552/323
f 735/553/324 425/554/324 424/550/324 418/549/324
f 419/555/325 426/556/325 425/554/325 735/553/325
f 736/557/326 427/558/326 426/556/326 419/555/326
f 420/559/327 428/560/327 427/558/327 736/557/327
f 421/561/328 429/562/328 428/560/328 420/559/328
f 628/563/329 621/564/329 622/565/329 613/566/329
f 429/562/330 437/567/330 436/568/330 428/560/330
f 486/569/331 653/570/331 654/571/331 478/572/331
f 732/546/332 731/573/332 430/574/332 422/547/332
f 424/550/333 432/575/333 431/576/333 423/551/333
f 425/554/334 433/577/334 432/575/334 424/550/334
f 426/556/335 434/578/335 433/577/335 425/554/335
f 427/558/336 435/579/336 434/578/336 426/556/336
f 428/560/337 436/568/337 435/579/337 427/558/337
f 433/577/338 441/580/338 440/581/338 432/575/338
f 434/578/339 442/582/339 441/580/339 433/577/339
f 435/579/340 443/583/340 442/582/340 434/578/340
f 436/568/341 444/584/341 443/583/341 435/579/341
f 437/567/342 445/585/342 444/584/342 436/568/342
f 510/586/343 642/587/343 651/588/343 502/589/343
f 731/573/344 730/590/344 438/591/344 430/574/344
f 432/575/345 440/581/345 439/592/345 431/576/345
f 445/585/346 453/593/346 452/594/346 444/584/346
f 703/595/347 608/596/347 609/597/347 688/598/347
f 730/590/348 729/599/348 446/600/348 438/591/348
f 440/581/349 448/601/349 447/602/349 439/592/349
f 441/580/350 449/603/350 448/601/350 440/581/350
f 442/582/351 450/604/351 449/603/351 441/580/351
f 443/583/352 451/605/352 450/604/352 442/582/352
f 444/584/353 452/594/353 451/605/353 443/583/353
f 450/604/354 458/606/354 457/607/354 449/603/354
f 451/605/355 459/608/355 458/606/355 450/604/355
f 452/594/356 460/609/356 459/608/356 451/605/356
f 453/593/357 461/610/357 460/609/357 452/594/357
f 574/611/358 626/612/358 627/613/358 566/614/358
f 729/599/359 728/615/359 454/616/359 446/600/359
f 448/601/360 456/617/360 455/618/360 447/602/360
f 449/603/361 457/607/361 456/617/361 448/601/361
f 728/615/362 727/619/362 462/620/362 454/616/362
f 456/617/363 464/621/363 463/622/363 455/618/363
f 457/607/364 465/623/364 464/621/364 456/617/364
f 458/606/365 466/624/365 465/623/365 457/607/365
f 459/608/366 467/625/366 466/624/366 458/606/366
f 460/609/367 468/626/367 467/625/367 459/608/367
f 461/610/368 469/627/368 468/626/368 460/609/368
f 598/628/369 623/629/369 624/630/369 590/631/369
f 467/625/370 475/632/370 474/633/370 466/624/370
f 468/626/371 476/634/371 475/632/371 467/625/371
f 469/627/372 477/635/372 476/634/372 468/626/372
f 446/600/373 666/636/373 667/637/373 438/591/373
f 727/619/374 726/638/374 470/639/374 462/620/374
f 464/621/375 472/640/375 471/641/375 463/622/375
f 465/623/376 473/642/376 472/640/376 464/621/376
f 466/624/377 474/633/377 473/642/377 465/623/377
f 726/638/378 717/643/378 478/572/378 470/639/378
f 472/640/379 480/644/379 479/645/379 471/641/379
f 473/642/380 481/646/380 480/644/380 472/640/380
f 474/633/381 482/647/381 481/646/381 473/642/381
f 475/632/382 483/648/382 482/647/382 474/633/382
f 476/634/383 484/649/383 483/648/383 475/632/383
f 477/635/384 485/650/384 484/649/384 476/634/384
f 550/651/385 637/652/385 638/653/385 542/654/385
f 483/648/386 491/655/386 490/656/386 482/647/386
f 484/649/387 492/657/387 491/655/387 483/648/387
f 485/650/388 493/658/388 492/657/388 484/649/388
f 534/659/389 639/660/389 640/661/389 526/662/389
f 717/643/390 716/663/390 486/569/390 478/572/390
f 480/644/391 488/664/391 487/665/391 479/645/391
f 481/646/392 489/666/392 488/664/392 480/644/392
f 482/647/393 490/656/393 489/666/393 481/646/393
f 488/664/394 496/667/394 495/668/394 487/665/394
f 489/666/395 497/669/395 496/667/395 488/664/395
f 490/656/396 498/670/396 497/669/396 489/666/396
f 491/655/397 499/671/397 498/670/397 490/656/397
f 492/657/398 500/672/398 499/671/398 491/655/398
f 493/658/399 501/673/399 500/672/399 492/657/399
f 718/674/400 607/675/400 608/596/400 703/595/400
f 716/663/401 715/676/401 494/677/401 486/569/401
f 500/672/402 508/678/402 507/679/402 499/671/402
f 501/673/403 509/680/403 508/678/403 500/672/403
f 673/681/404 610/682/404 611/683/404 658/684/404
f 715/676/405 714/685/405 502/589/405 494/677/405
f 496/667/406 504/686/406 503/687/406 495/668/406
f 497/669/407 505/688/407 504/686/407 496/667/407
f 498/670/408 506/689/408 505/688/408 497/669/408
f 499/671/409 507/679/409 506/689/409 498/670/409
f 504/686/410 512/690/410 511/691/410 503/687/410
f 505/688/411 513/692/411 512/690/411 504/686/411
f 506/689/412 514/693/412 513/692/412 505/688/412
f 507/679/413 515/694/413 514/693/413 506/689/413
f 508/678/414 516/695/414 515/694/414 507/679/414
f 509/680/415 517/696/415 516/695/415 508/678/415
f 470/639/416 655/697/416 656/698/416 462/620/416
f 714/685/417 713/699/417 510/586/417 502/589/417
f 516/695/418 524/700/418 523/701/418 515/694/418
f 517/696/419 525/702/419 524/700/419 516/695/419
f 494/677/420 652/703/420 653/570/420 486/569/420
f 713/699/421 712/704/421 518/705/421 510/586/421
f 512/690/422 520/706/422 519/707/422 511/691/422
f 513/692/423 521/708/423 520/706/423 512/690/423
f 514/693/424 522/709/424 521/708/424 513/692/424
f 515/694/425 523/701/425 522/709/425 514/693/425
f 521/708/426 529/710/426 528/711/426 520/706/426
f 522/709/427 530/712/427 529/710/427 521/708/427
f 523/701/428 531/713/428 530/712/428 522/709/428
f 524/700/429 532/714/429 531/713/429 523/701/429
f 525/702/430 533/715/430 532/714/430 524/700/430
f 558/716/431 636/717/431 637/652/431 550/651/431
f 712/704/432 711/718/432 526/662/432 518/705/432
f 520/706/433 528/711/433 527/719/433 519/707/433
f 533/715/434 541/720/434 540/721/434 532/714/434
f 430/574/435 668/722/435 417/723/435 422/547/435
f 711/718/436 702/724/436 534/659/436 526/662/436
f 528/711/437 536/725/437 535/726/437 527/719/437
f 529/710/438 537/727/438 536/725/438 528/711/438
f 530/712/439 538/728/439 537/727/439 529/710/439
f 531/713/440 539/729/440 538/728/440 530/712/440
f 532/714/441 540/721/441 539/729/441 531/713/441
f 538/728/442 546/730/442 545/731/442 537/727/442
f 539/729/443 547/732/443 546/730/443 538/728/443
f 540/721/444 548/733/444 547/732/444 539/729/444
f 541/720/445 549/734/445 548/733/445 540/721/445
f 733/548/446 606/735/446 607/675/446 718/674/446
f 702/724/447 701/736/447 542/654/447 534/659/447
f 536/725/448 544/737/448 543/738/448 535/726/448
f 537/727/449 545/731/449 544/737/449 536/725/449
f 454/616/450 657/739/450 666/636/450 446/600/450
f 701/736/451 700/740/451 550/651/451 542/654/451
f 544/737/452 552/741/452 551/742/452 543/738/452
f 545/731/453 553/743/453 552/741/453 544/737/453
f 546/730/454 554/744/454 553/743/454 545/731/454
f 547/732/455 555/745/455 554/744/455 546/730/455
f 548/733/456 556/746/456 555/745/456 547/732/456
f 549/734/457 557/747/457 556/746/457 548/733/457
f 554/744/458 562/748/458 561/749/458 553/743/458
f 555/745/459 563/750/459 562/748/459 554/744/459
f 556/746/460 564/751/460 563/750/460 555/745/460
f 557/747/461 565/752/461 564/751/461 556/746/461
f 643/753/462 612/754/462 621/564/462 628/563/462
f 700/740/463 699/755/463 558/716/463 550/651/463
f 552/741/464 560/756/464 559/757/464 551/742/464
f 553/743/465 561/749/465 560/756/465 552/741/465
f 699/755/466 698/758/466 566/614/466 558/716/466
f 560/756/467 568/759/467 567/760/467 559/757/467
f 561/749/468 569/761/468 568/759/468 560/756/468
f 562/748/469 570/762/469 569/761/469 561/749/469
f 563/750/470 571/763/470 570/762/470 562/748/470
f 564/751/471 572/764/471 571/763/471 563/750/471
f 565/752/472 573/765/472 572/764/472 564/751/472
f 582/766/473 625/767/473 626/612/473 574/611/473
f 571/763/474 579/768/474 578/769/474 570/762/474
f 572/764/475 580/770/475 579/768/475 571/763/475
f 573/765/476 581/771/476 580/770/476 572/764/476
f 518/705/477 641/772/477 642/587/477 510/586/477
f 698/758/478 697/773/478 574/611/478 566/614/478
f 568/759/479 576/774/479 575/775/479 567/760/479
f 569/761/480 577/776/480 576/774/480 568/759/480
f 570/762/481 578/769/481 577/776/481 569/761/481
f 697/773/482 696/777/482 582/766/482 574/611/482
f 576/774/483 584/778/483 583/779/483 575/775/483
f 577/776/484 585/780/484 584/778/484 576/774/484
f 578/769/485 586/781/485 585/780/485 577/776/485
f 579/768/486 587/782/486 586/781/486 578/769/486
f 580/770/487 588/783/487 587/782/487 579/768/487
f 581/771/488 589/784/488 588/783/488 580/770/488
f 688/598/489 609/597/489 610/682/489 673/681/489
f 587/782/490 595/785/490 594/786/490 586/781/490
f 588/783/491 596/787/491 595/785/491 587/782/491
f 589/784/492 597/788/492 596/787/492 588/783/492
f 613/566/493 622/565/493 623/629/493 598/628/493
f 696/777/494 687/789/494 590/631/494 582/766/494
f 584/778/495 592/790/495 591/791/495 583/779/495
f 585/780/496 593/792/496 592/790/496 584/778/496
f 586/781/497 594/786/497 593/792/497 585/780/497
f 592/790/498 600/793/498 599/794/498 591/791/498
f 593/792/499 601/795/499 600/793/499 592/790/499
f 594/786/500 602/796/500 601/795/500 593/792/500
f 595/785/501 603/797/501 602/796/501 594/786/501
f 596/787/502 604/798/502 603/797/502 595/785/502
f 597/788/503 605/799/503 604/798/503 596/787/503
f 478/572/504 654/571/504 655/697/504 470/639/504
f 687/789/505 686/800/505 598/628/505 590/631/505
f 604/798/506 619/801/506 618/802/506 603/797/506
f 605/799/507 620/803/507 619/801/507 604/798/507
f 542/654/508 638/653/508 639/660/508 534/659/508
f 686/800/509 685/804/509 613/566/509 598/628/509
f 600/793/510 615/805/510 614/806/510 599/794/510
f 601/795/511 616/807/511 615/805/511 600/793/511
f 602/796/512 617/808/512 616/807/512 601/795/512
f 603/797/513 618/802/513 617/808/513 602/796/513
f 616/807/514 631/809/514 630/810/514 615/805/514
f 617/808/515 632/811/515 631/809/515 616/807/515
f 618/802/516 633/812/516 632/811/516 617/808/516
f 619/801/517 634/813/517 633/812/517 618/802/517
f 620/803/518 635/814/518 634/813/518 619/801/518
f 566/614/519 627/613/519 636/717/519 558/716/519
f 685/804/520 684/815/520 628/563/520 613/566/520
f 615/805/521 630/810/521 629/816/521 614/806/521
f 635/814/522 650/817/522 649/818/522 634/813/522
f 438/591/523 667/637/523 668/722/523 430/574/523
f 684/815/524 683/819/524 643/753/524 628/563/524
f 630/810/525 645/820/525 644/821/525 629/816/525
f 631/809/526 646/822/526 645/820/526 630/810/526
f 632/811/527 647/823/527 646/822/527 631/809/527
f 633/812/528 648/824/528 647/823/528 632/811/528
f 634/813/529 649/818/529 648/824/529 633/812/529
f 646/822/530 661/825/530 660/826/530 645/820/530
f 734/827/531 423/828/531 732/546/531 669/545/531
f 647/823/532 662/829/532 661/825/532 646/822/532
f 423/828/533 431/830/533 731/573/533 732/546/533
f 648/824/534 663/831/534 662/829/534 647/823/534
f 431/830/535 439/832/535 730/590/535 731/573/535
f 649/818/536 664/833/536 663/831/536 648/824/536
f 439/832/537 447/834/537 729/599/537 730/590/537
f 650/817/538 665/835/538 664/833/538 649/818/538
f 462/620/539 656/698/539 657/739/539 454/616/539
f 683/819/540 682/836/540 658/684/540 643/753/540
f 645/820/541 660/826/541 659/837/541 644/821/541
f 665/835/542 680/838/542 679/839/542 664/833/542
f 502/589/543 651/588/543 652/703/543 494/677/543
f 447/834/544 455/840/544 728/615/544 729/599/544
f 682/836/545 681/841/545 673/681/545 658/684/545
f 455/840/546 463/842/546 727/619/546 728/615/546
f 660/826/547 675/843/547 674/844/547 659/837/547
f 463/842/548 471/845/548 726/638/548 727/619/548
f 661/825/549 676/846/549 675/843/549 660/826/549
f 471/845/550 479/847/550 717/643/550 726/638/550
f 662/829/551 677/848/551 676/846/551 661/825/551
f 479/847/552 487/849/552 716/663/552 717/643/552
f 663/831/553 678/850/553 677/848/553 662/829/553
f 487/849/554 495/851/554 715/676/554 716/663/554
f 664/833/555 679/839/555 678/850/555 663/831/555
f 495/851/556 503/852/556 714/685/556 715/676/556
f 527/853/557 535/854/557 702/724/557 711/718/557
f 677/848/558 692/855/558 691/856/558 676/846/558
f 535/854/559 543/857/559 701/736/559 702/724/559
f 678/850/560 693/858/560 692/855/560 677/848/560
f 543/857/561 551/859/561 700/740/561 701/736/561
f 679/839/562 694/860/562 693/858/562 678/850/562
f 551/859/563 559/861/563 699/755/563 700/740/563
f 680/838/564 695/862/564 694/860/564 679/839/564
f 658/684/565 611/683/565 612/754/565 643/753/565
f 503/852/566 511/863/566 713/699/566 714/685/566
f 681/841/567 672/864/567 688/598/567 673/681/567
f 511/863/568 519/865/568 712/704/568 713/699/568
f 675/843/569 690/866/569 689/867/569 674/844/569
f 519/865/570 527/853/570 711/718/570 712/704/570
f 676/846/571 691/856/571 690/866/571 675/843/571
f 422/547/572 417/723/572 606/735/572 733/548/572
f 559/861/573 567/868/573 698/758/573 699/755/573
f 672/864/574 671/869/574 703/595/574 688/598/574
f 567/868/575 575/870/575 697/773/575 698/758/575
f 690/866/576 705/871/576 704/872/576 689/867/576
f 575/870/577 583/873/577 696/777/577 697/773/577
f 691/856/578 706/874/578 705/871/578 690/866/578
f 583/873/579 591/875/579 687/789/579 696/777/579
f 692/855/580 707/876/580 706/874/580 691/856/580
f 591/875/581 599/877/581 686/800/581 687/789/581
f 693/858/582 708/878/582 707/876/582 692/855/582
f 599/877/583 614/879/583 685/804/583 686/800/583
f 694/860/584 709/880/584 708/878/584 693/858/584
f 614/879/585 629/881/585 684/815/585 685/804/585
f 695/862/586 710/882/586 709/880/586 694/860/586
f 707/876/587 722/883/587 721/884/587 706/874/587
f 689/885/588 704/886/588 671/869/588 672/864/588
f 708/878/589 723/887/589 722/883/589 707/876/589
f 704/886/590 719/888/590 670/889/590 671/869/590
f 709/880/591 724/890/591 723/887/591 708/878/591
f 719/888/592 734/827/592 669/545/592 670/889/592
f 710/882/593 725/891/593 724/890/593 709/880/593
f 526/662/594 640/661/594 641/772/594 518/705/594
f 629/881/595 644/892/595 683/819/595 684/815/595
f 671/869/596 670/889/596 718/674/596 703/595/596
f 644/892/597 659/893/597 682/836/597 683/819/597
f 705/871/598 720/894/598 719/895/598 704/872/598
f 659/893/599 674/896/599 681/841/599 682/836/599
f 706/874/600 721/884/600 720/894/600 705/871/600
f 674/896/601 689/885/601 672/864/601 681/841/601
f 670/889/602 669/545/602 733/548/602 718/674/602
f 720/894/603 418/549/603 734/552/603 719/895/603
f 721/884/604 735/553/604 418/549/604 720/894/604
f 722/883/605 419/555/605 735/553/605 721/884/605
f 723/887/606 736/557/606 419/555/606 722/883/606
f 724/890/607 420/559/607 736/557/607 723/887/607
f 725/891/608 421/561/608 420/559/608 724/890/608
f 590/631/609 624/630/609 625/767/609 582/766/609
f 642/587/610 758/897/610 759/898/610 651/588/610
f 621/564/611 745/899/611 746/900/611 622/565/611
f 651/588/612 759/898/612 760/901/612 652/703/612
f 622/565/613 746/900/613 747/902/613 623/629/613
f 652/703/614 760/901/614 761/903/614 653/570/614
f 623/629/615 747/902/615 748/904/615 624/630/615
f 606/735/616 738/905/616 739/906/616 607/675/616
f 653/570/617 761/903/617 762/907/617 654/571/617
f 624/630/618 748/904/618 749/908/618 625/767/618
f 654/571/619 762/907/619 763/909/619 655/697/619
f 625/767/620 749/908/620 750/910/620 626/612/620
f 655/697/621 763/909/621 764/911/621 656/698/621
f 626/612/622 750/910/622 751/912/622 627/613/622
f 656/698/623 764/911/623 765/913/623 657/739/623
f 627/613/624 751/912/624 752/914/624 636/717/624
f 657/739/625 765/913/625 766/915/625 666/636/625
f 636/717/626 752/914/626 753/916/626 637/652/626
f 607/675/627 739/906/627 740/917/627 608/596/627
f 666/636/628 766/915/628 767/918/628 667/637/628
f 637/652/629 753/916/629 754/919/629 638/653/629
f 608/596/630 740/917/630 741/920/630 609/597/630
f 667/637/631 767/918/631 768/921/631 668/722/631
f 638/653/632 754/919/632 755/922/632 639/660/632
f 609/597/633 741/920/633 742/923/633 610/682/633
f 668/722/634 768/921/634 737/924/634 417/723/634
f 417/723/635 737/924/635 738/905/635 606/735/635
f 639/660/636 755/922/636 756/925/636 640/661/636
f 610/682/637 742/923/637 743/926/637 611/683/637
f 640/661/638 756/925/638 757/927/638 641/772/638
f 611/683/639 743/926/639 744/928/639 612/754/639
f 641/772/640 757/927/640 758/897/640 642/587/640
f 612/754/641 744/928/641 745/899/641 621/564/641
f 749/929/642 781/930/642 782/931/642 750/932/642
f 763/933/643 795/934/643 796/935/643 764/936/643
f 750/932/644 782/931/644 783/937/644 751/938/644
f 737/939/645 769/940/645 770/941/645 738/942/645
f 764/936/646 796/935/646 797/943/646 765/944/646
f 751/938/647 783/937/647 784/945/647 752/946/647
f 738/942/648 770/941/648 771/947/648 739/948/648
f 765/944/649 797/943/649 798/949/649 766/950/649
f 752/946/650 784/945/650 785/951/650 753/952/650
f 739/948/651 771/947/651 772/953/651 740/954/651
f 766/950/652 798/949/652 799/955/652 767/956/652
f 753/952/653 785/951/653 786/957/653 754/958/653
f 740/954/654 772/953/654 773/959/654 741/960/654
f 767/956/655 799/955/655 800/961/655 768/962/655
f 754/958/656 786/957/656 787/963/656 755/964/656
f 741/960/657 773/959/657 774/965/657 742/966/657
f 768/962/658 800/961/658 769/940/658 737/939/658
f 755/964/659 787/963/659 788/967/659 756/968/659
f 742/966/660 774/965/660 775/969/660 743/970/660
f 756/968/661 788/967/661 789/971/661 757/972/661
f 743/970/662 775/969/662 776/973/662 744/974/662
f 757/972/663 789/971/663 790/975/663 758/976/663
f 744/974/664 776/973/664 777/977/664 745/978/664
f 758/976/665 790/975/665 791/979/665 759/980/665
f 745/978/666 777/977/666 778/981/666 746/982/666
f 759/980/667 791/979/667 792/983/667 760/984/667
f 746/982/668 778/981/668 779/985/668 747/986/668
f 760/984/669 792/983/669 793/987/669 761/988/669
f 747/986/670 779/985/670 780/989/670 748/990/670
f 761/988/671 793/987/671 794/991/671 762/992/671
f 748/990/672 780/989/672 781/930/672 749/929/672
f 762/992/673 794/991/673 795/934/673 763/933/673
f 784/993/674 816/994/674 817/995/674 785/996/674
f 771/997/675 803/998/675 804/999/675 772/1000/675
f 798/1001/676 830/1002/676 831/1003/676 799/1004/676
f 785/996/677 817/995/677 818/1005/677 786/1006/677
f 772/1000/678 804/999/678 805/1007/678 773/1008/678
f 799/1004/679 831/1003/679 832/1009/679 800/1010/679
f 786/1006/680 818/1005/680 819/1011/680 787/1012/680
f 773/1008/681 805/1007/681 806/1013/681 774/1014/681
f 800/1010/682 832/1009/682 801/1015/682 769/1016/682
f 787/1012/683 819/1011/683 820/1017/683 788/1018/683
f 774/1014/684 806/1013/684 807/1019/684 775/1020/684
f 788/1018/685 820/1017/685 821/1021/685 789/1022/685
f 775/1020/686 807/1019/686 808/1023/686 776/1024/686
f 789/1022/687 821/1021/687 822/1025/687 790/1026/687
f 776/1024/688 808/1023/688 809/1027/688 777/1028/688
f 790/1026/689 822/1025/689 823/1029/689 791/1030/689
f 777/1028/690 809/1027/690 810/1031/690 778/1032/690
f 791/1030/691 823/1029/691 824/1033/691 792/1034/691
f 778/1032/692 810/1031/692 811/1035/692 779/1036/692
f 792/1034/693 824/1033/693 825/1037/693 793/1038/693
f 779/1036/694 811/1035/694 812/1039/694 780/1040/694
f 793/1038/695 825/1037/695 826/1041/695 794/1042/695
f 780/1040/696 812/1039/696 813/1043/696 781/1044/696
f 794/1042/697 826/1041/697 827/1045/697 795/1046/697
f 781/1044/698 813/1043/698 814/1047/698 782/1048/698
f 795/1046/699 827/1045/699 828/1049/699 796/1050/699
f 782/1048/700 814/1047/700 815/1051/700 783/1052/700
f 769/1016/701 801/1015/701 802/1053/701 770/1054/701
f 796/1050/702 828/1049/702 829/1055/702 797/1056/702
f 783/1052/703 815/1051/703 816/994/703 784/993/703
f 770/1054/704 802/1053/704 803/998/704 771/997/704
f 797/1056/705 829/1055/705 830/1002/705 798/1001/705
f 5/1057/706 13/1058/706 429/1059/706 421/1060/706
f 13/1058/707 21/1061/707 437/1062/707 429/1059/707
f 21/1061/708 29/1063/708 445/1064/708 437/1062/708
f 29/1063/709 37/1065/709 453/1066/709 445/1064/709
f 37/1065/710 45/1067/710 461/1068/710 453/1066/710
f 45/1067/711 53/1069/711 469/1070/711 461/1068/711
f 53/1069/712 61/1071/712 477/1072/712 469/1070/712
f 61/1071/713 69/1073/713 485/1074/713 477/1072/713
f 69/1073/714 77/1075/714 493/1076/714 485/1074/714
f 77/1075/715 85/1077/715 501/1078/715 493/1076/715
f 85/1077/716 93/1079/716 509/1080/716 501/1078/716
f 93/1079/717 101/1081/717 517/1082/717 509/1080/717
f 101/1081/718 109/1083/718 525/1084/718 517/1082/718
f 109/1083/719 117/1085/719 533/1086/719 525/1084/719
f 117/1085/720 125/1087/720 541/1088/720 533/1086/720
f 125/1087/721 133/1089/721 549/1090/721 541/1088/721
f 133/1089/722 141/1091/722 557/1092/722 549/1090/722
f 141/1091/723 149/1093/723 565/1094/723 557/1092/723
f 149/1093/724 157/1095/724 573/1096/724 565/1094/724
f 157/1095/725 165/1097/725 581/1098/725 573/1096/725
f 165/1097/726 173/1099/726 589/1100/726 581/1098/726
f 173/1099/727 181/1101/727 597/1102/727 589/1100/727
f 181/1101/728 189/1103/728 605/1104/728 597/1102/728
f 189/1103/729 204/1105/729 620/1106/729 605/1104/729
f 204/1105/730 219/1107/730 635/1108/730 620/1106/730
f 219/1107/731 234/1109/731 650/1110/731 635/1108/731
f 234/1109/732 249/1111/732 665/1112/732 650/1110/732
f 249/1111/733 264/1113/733 680/1114/733 665/1112/733
f 264/1113/734 279/1115/734 695/1116/734 680/1114/734
f 279/1115/735 294/1117/735 710/1118/735 695/1116/735
f 294/1117/736 309/1119/736 725/1120/736 710/1118/736
f 309/1119/737 5/1057/737 421/1060/737 725/1120/737
f 385/1121/738 386/1122/738 802/1123/738 801/1124/738
f 386/1122/738 387/1125/738 803/1126/738 802/1123/738
f 387/1125/738 388/1127/738 804/1128/738 803/1126/738
f 388/1127/738 389/1129/738 805/1130/738 804/1128/738
f 389/1129/738 390/1131/738 806/1132/738 805/1130/738
f 390/1131/738 391/1133/738 807/1134/738 806/1132/738
f 391/1133/738 392/1135/738 808/1136/738 807/1134/738
f 392/1135/738 393/1137/738 809/1138/738 808/1136/738
f 393/1137/738 394/1139/738 810/1140/738 809/1138/738
f 394/1139/738 395/1141/738 811/1142/738 810/1140/738
f 395/1141/738 396/1143/738 812/1144/738 811/1142/738
f 396/1143/738 397/1145/738 813/1146/738 812/1144/738
f 397/1145/738 398/1147/738 814/1148/738 813/1146/738
f 398/1147/738 399/1149/738 815/1150/738 814/1148/738
f 399/1149/738 400/1151/738 816/1152/738 815/1150/738
f 400/1151/738 401/1153/738 817/1154/738 816/1152/738
f 401/1153/738 402/1155/738 818/1156/738 817/1154/738
f 402/1155/738 403/1157/738 819/1158/738 818/1156/738
f 403/1157/738 404/1159/738 820/1160/738 819/1158/738
f 404/1159/738 405/1161/738 821/1162/738 820/1160/738
f 405/1161/738 406/1163/738 822/1164/738 821/1162/738
f 406/1163/738 407/1165/738 823/1166/738 822/1164/738
f 407/1165/738 408/1167/738 824/1168/738 823/1166/738
f 408/1167/738 409/1169/738 825/1170/738 824/1168/738
f 409/1169/738 410/1171/738 826/1172/738 825/1170/738
f 410/1171/738 411/1173/738 827/1174/738 826/1172/738
f 411/1173/738 412/1175/738 828/1176/738 827/1174/738
f 412/1175/738 413/1177/738 829/1178/738 828/1176/738
f 413/1177/738 414/1179/738 830/1180/738 829/1178/738
f 414/1179/738 415/1181/738 831/1182/738 830/1180/738
f 415/1181/738 416/1183/738 832/1184/738 831/1182/738
f 416/1183/738 385/1121/738 801/1124/738 832/1184/738
o Sphere.001
v 0.000000 1.198408 -0.000000
v 0.000000 1.056073 -0.159102
v 0.000000 0.905620 -0.238114
v 0.000000 0.791299 -0.280874
v 0.000000 0.735430 -0.286377
v 0.000000 0.679560 -0.280874
v 0.000000 0.576327 -0.238114
v 0.000000 0.449053 -0.000000
v 0.010900 1.178390 -0.054796
v 0.021380 1.126686 -0.107486
v 0.031039 1.056073 -0.156045
v 0.039506 0.978799 -0.198608
v 0.046454 0.905620 -0.233538
v 0.051617 0.845022 -0.259494
v 0.054796 0.791299 -0.275477
v 0.055869 0.735430 -0.280874
v 0.054796 0.679560 -0.275477
v 0.051617 0.625838 -0.259494
v 0.046454 0.576327 -0.233538
v 0.039506 0.532931 -0.198608
v 0.031039 0.497316 -0.156045
v 0.021380 0.470852 -0.107486
v 0.010900 0.454556 -0.054796
v 0.021380 1.178390 -0.051617
v 0.041939 1.126686 -0.101249
v 0.060886 1.056073 -0.146991
v 0.077493 0.978799 -0.187085
v 0.091122 0.905620 -0.219988
v 0.101249 0.845022 -0.244438
v 0.107486 0.791299 -0.259494
v 0.109592 0.735430 -0.264578
v 0.107486 0.679560 -0.259494
v 0.101249 0.625838 -0.244438
v 0.091122 0.576327 -0.219988
v 0.077493 0.532931 -0.187085
v 0.060886 0.497316 -0.146991
v 0.041939 0.470852 -0.101249
v 0.021380 0.454556 -0.051617
v 0.031039 1.178390 -0.046454
v 0.060886 1.126686 -0.091122
v 0.088393 1.056073 -0.132289
v 0.112502 0.978799 -0.168372
v 0.132289 0.905620 -0.197984
v 0.146991 0.845022 -0.219988
v 0.156045 0.791299 -0.233538
v 0.159102 0.735430 -0.238114
v 0.156045 0.679560 -0.233538
v 0.146991 0.625838 -0.219988
v 0.132289 0.576327 -0.197984
v 0.112502 0.532931 -0.168372
v 0.088393 0.497316 -0.132289
v 0.060886 0.470852 -0.091122
v 0.031039 0.454556 -0.046454
v 0.039506 1.178390 -0.039506
v 0.077493 1.126686 -0.077493
v 0.112502 1.056073 -0.112502
v 0.143188 0.978799 -0.143188
v 0.168372 0.905620 -0.168372
v 0.187085 0.845022 -0.187085
v 0.198608 0.791299 -0.198608
v 0.202499 0.735430 -0.202499
v 0.198608 0.679560 -0.198608
v 0.187085 0.625838 -0.187085
v 0.168372 0.576327 -0.168372
v 0.143188 0.532931 -0.143188
v 0.112502 0.497316 -0.112502
v 0.077493 0.470852 -0.077493
v 0.039506 0.454556 -0.039506
v 0.046454 1.178390 -0.031039
v 0.091122 1.126686 -0.060886
v 0.132289 1.056073 -0.088393
v 0.168372 0.978799 -0.112502
v 0.197984 0.905620 -0.132289
v 0.219988 0.845022 -0.146991
v 0.233538 0.791299 -0.156045
v 0.238114 0.735430 -0.159102
v 0.233538 0.679560 -0.156045
v 0.219988 0.625838 -0.146991
v 0.197984 0.576327 -0.132289
v 0.168372 0.532931 -0.112502
v 0.132289 0.497316 -0.088393
v 0.091122 0.470852 -0.060886
v 0.046454 0.454556 -0.031039
v 0.051617 1.178390 -0.021380
v 0.101249 1.126686 -0.041939
v 0.146991 1.056073 -0.060886
v 0.187085 0.978799 -0.077493
v 0.219988 0.905620 -0.091122
v 0.244438 0.845022 -0.101249
v 0.259494 0.791299 -0.107486
v 0.264578 0.735430 -0.109592
v 0.259494 0.679560 -0.107486
v 0.244438 0.625838 -0.101249
v 0.219988 0.576327 -0.091122
v 0.187085 0.532931 -0.077493
v 0.146991 0.497316 -0.060886
v 0.101249 0.470852 -0.041939
v 0.051617 0.454556 -0.021380
v 0.054796 1.178390 -0.010900
v 0.107486 1.126686 -0.021380
v 0.156045 1.056073 -0.031039
v 0.198608 0.978799 -0.039506
v 0.233538 0.905620 -0.046454
v 0.259494 0.845022 -0.051617
v 0.275477 0.791299 -0.054796
v 0.280874 0.735430 -0.055869
v 0.275477 0.679560 -0.054796
v 0.259494 0.625838 -0.051617
v 0.233538 0.576327 -0.046454
v 0.198608 0.532931 -0.039506
v 0.156045 0.497316 -0.031039
v 0.107486 0.470852 -0.021380
v 0.054796 0.454556 -0.010900
v 0.055869 1.178390 -0.000000
v 0.109592 1.126686 -0.000000
v 0.159102 1.056073 0.000000
v 0.202499 0.978799 -0.000000
v 0.238114 0.905620 0.000000
v 0.264578 0.845022 -0.000000
v 0.280874 0.791299 0.000000
v 0.286377 0.735430 0.000000
v 0.280874 0.679560 0.000000
v 0.264578 0.625838 -0.000000
v 0.238114 0.576327 0.000000
v 0.202499 0.532931 -0.000000
v 0.159102 0.497316 0.000000
v 0.109592 0.470852 -0.000000
v 0.055869 0.454556 -0.000000
v 0.054796 1.178390 0.010900
v 0.107486 1.126686 0.021380
v 0.156045 1.056073 0.031039
v 0.198608 0.978799 0.039506
v 0.233538 0.905620 0.046454
v 0.259494 0.845022 0.051617
v 0.275477 0.791299 0.054796
v 0.280874 0.735430 0.055869
v 0.275477 0.679560 0.054796
v 0.259494 0.625838 0.051617
v 0.233538 0.576327 0.046454
v 0.198608 0.532931 0.039506
v 0.156045 0.497316 0.031039
v 0.107486 0.470852 0.021380
v 0.054796 0.454556 0.010900
v 0.051617 1.178390 0.021380
v 0.101249 1.126686 0.041939
v 0.146991 1.056073 0.060886
v 0.187085 0.978799 0.077493
v 0.219988 0.905620 0.091122
v 0.244438 0.845022 0.101249
v 0.259494 0.791299 0.107486
v 0.264577 0.735430 0.109592
v 0.259494 0.679560 0.107486
v 0.244438 0.625838 0.101249
v 0.219988 0.576327 0.091122
v 0.187085 0.532931 0.077493
v 0.146991 0.497316 0.060886
v 0.101249 0.470852 0.041939
v 0.051617 0.454556 0.021380
v 0.046454 1.178390 0.031039
v 0.091122 1.126686 0.060886
v 0.132289 1.056073 0.088393
v 0.168372 0.978799 0.112502
v 0.197984 0.905620 0.132289
v 0.219988 0.845022 0.146991
v 0.233538 0.791299 0.156045
v 0.238113 0.735430 0.159102
v 0.233538 0.679560 0.156045
v 0.219988 0.625838 0.146991
v 0.197984 0.576327 0.132289
v 0.168372 0.532931 0.112502
v 0.132289 0.497316 0.088393
v 0.091122 0.470852 0.060886
v 0.046454 0.454556 0.031039
v 0.039506 1.178390 0.039506
v 0.077493 1.126686 0.077493
v 0.112502 1.056073 0.112502
v 0.143188 0.978799 0.143188
v 0.168372 0.905620 0.168372
v 0.187085 0.845022 0.187085
v 0.198608 0.791299 0.198608
v 0.202499 0.735430 0.202499
v 0.198608 0.679560 0.198608
v 0.187085 0.625838 0.187085
v 0.168372 0.576327 0.168372
v 0.143188 0.532931 0.143188
v 0.112502 0.497316 0.112502
v 0.077493 0.470852 0.077493
v 0.039506 0.454556 0.039506
v 0.031039 1.178390 0.046454
v 0.060886 1.126686 0.091122
v 0.088393 1.056073 0.132289
v 0.112502 0.978799 0.168372
v 0.132289 0.905620 0.197984
v 0.146991 0.845022 0.219988
v 0.156045 0.791299 0.233538
v 0.159102 0.735430 0.238113
v 0.156045 0.679560 0.233538
v 0.146991 0.625838 0.219988
v 0.132289 0.576327 0.197984
v 0.112502 0.532931 0.168372
v 0.088393 0.497316 0.132289
v 0.060886 0.470852 0.091122
v 0.031039 0.454556 0.046454
v 0.021380 1.178390 0.051616
v 0.041939 1.126686 0.101249
v 0.060886 1.056073 0.146991
v 0.077493 0.978799 0.187085
v 0.091122 0.905620 0.219988
v 0.101249 0.845022 0.244438
v 0.107486 0.791299 0.259494
v 0.109592 0.735430 0.264577
v 0.107486 0.679560 0.259494
v 0.101249 0.625838 0.244438
v 0.091122 0.576327 0.219988
v 0.077493 0.532931 0.187085
v 0.060886 0.497316 0.146991
v 0.041939 0.470852 0.101249
v 0.021380 0.454556 0.051616
v 0.010900 1.178390 0.054796
v 0.021380 1.126686 0.107486
v 0.031039 1.056073 0.156045
v 0.039506 0.978799 0.198608
v 0.046454 0.905620 0.233538
v 0.051617 0.845022 0.259494
v 0.054796 0.791299 0.275477
v 0.055869 0.735430 0.280874
v 0.054796 0.679560 0.275477
v 0.051617 0.625838 0.259494
v 0.046454 0.576327 0.233538
v 0.039506 0.532931 0.198608
v 0.031039 0.497316 0.156045
v 0.021380 0.470852 0.107486
v 0.010900 0.454556 0.054796
v 0.000000 1.178390 0.055869
v 0.000000 1.126686 0.109592
v 0.000000 1.056073 0.159102
v 0.000000 0.978799 0.202499
v 0.000000 0.905620 0.238113
v 0.000000 0.845022 0.264578
v -0.000000 0.791299 0.280874
v -0.000000 0.735430 0.286377
v -0.000000 0.679560 0.280874
v 0.000000 0.625838 0.264578
v 0.000000 0.576327 0.238113
v 0.000000 0.532931 0.202499
v 0.000000 0.497316 0.159102
v 0.000000 0.470852 0.109592
v 0.000000 0.454556 0.055869
v -0.010900 1.178390 0.054796
v -0.021380 1.126686 0.107486
v -0.031039 1.056073 0.156045
v -0.039506 0.978799 0.198608
v -0.046454 0.905620 0.233538
v -0.051616 0.845022 0.259494
v -0.054796 0.791299 0.275477
v -0.055869 0.735430 0.280874
v -0.054796 0.679560 0.275477
v -0.051616 0.625838 0.259494
v -0.046454 0.576327 0.233538
v -0.039506 0.532931 0.198608
v -0.031039 0.497316 0.156045
v -0.021380 0.470852 0.107486
v -0.010900 0.454556 0.054796
v -0.021380 1.178390 0.051616
v -0.041939 1.126686 0.101249
v -0.060886 1.056073 0.146991
v -0.077493 0.978799 0.187085
v -0.091122 0.905620 0.219988
v -0.101249 0.845022 0.244438
v -0.107486 0.791299 0.259494
v -0.109592 0.735430 0.264577
v -0.107486 0.679560 0.259494
v -0.101249 0.625838 0.244438
v -0.091122 0.576327 0.219988
v -0.077493 0.532931 0.187085
v -0.060886 0.497316 0.146991
v -0.041939 0.470852 0.101249
v -0.021380 0.454556 0.051616
v -0.031039 1.178390 0.046454
v -0.060886 1.126686 0.091122
v -0.088392 1.056073 0.132289
v -0.112502 0.978799 0.168372
v -0.132289 0.905620 0.197984
v -0.146991 0.845022 0.219988
v -0.156045 0.791299 0.233538
v -0.159102 0.735430 0.238113
v -0.156045 0.679560 0.233538
v -0.146991 0.625838 0.219988
v -0.132289 0.576327 0.197984
v -0.112502 0.532931 0.168372
v -0.088392 0.497316 0.132289
v -0.060886 0.470852 0.091122
v -0.031039 0.454556 0.046454
v -0.039506 1.178390 0.039506
v -0.077493 1.126686 0.077493
v -0.112502 1.056073 0.112502
v -0.143188 0.978799 0.143188
v -0.168372 0.905620 0.168372
v -0.187084 0.845022 0.187085
v -0.198608 0.791299 0.198608
v -0.202499 0.735430 0.202499
v -0.198608 0.679560 0.198608
v -0.187084 0.625838 0.187085
v -0.168372 0.576327 0.168372
v -0.143188 0.532931 0.143188
v -0.112502 0.497316 0.112502
v -0.077493 0.470852 0.077493
v -0.039506 0.454556 0.039506
v -0.046454 1.178390 0.031039
v -0.091122 1.126686 0.060886
v -0.132289 1.056073 0.088392
v -0.168372 0.978799 0.112502
v -0.197984 0.905620 0.132289
v -0.219988 0.845022 0.146991
v -0.233538 0.791299 0.156045
v -0.238113 0.735430 0.159102
v -0.233538 0.679560 0.156045
v -0.219988 0.625838 0.146991
v -0.197984 0.576327 0.132289
v -0.168372 0.532931 0.112502
v -0.132289 0.497316 0.088392
v -0.091122 0.470852 0.060886
v -0.046454 0.454556 0.031039
v -0.051616 1.178390 0.021380
v -0.101249 1.126686 0.041939
v -0.146991 1.056073 0.060886
v -0.187085 0.978799 0.077493
v -0.219988 0.905620 0.091122
v -0.244438 0.845022 0.101249
v -0.259494 0.791299 0.107486
v -0.264577 0.735430 0.109591
v -0.259494 0.679560 0.107486
v -0.244438 0.625838 0.101249
v -0.219988 0.576327 0.091122
v -0.187085 0.532931 0.077493
v -0.146991 0.497316 0.060886
v -0.101249 0.470852 0.041939
v -0.051616 0.454556 0.021380
v -0.054796 1.178390 0.010900
v -0.107486 1.126686 0.021380
v -0.156045 1.056073 0.031039
v -0.198608 0.978799 0.039506
v -0.233538 0.905620 0.046454
v -0.259494 0.845022 0.051616
v -0.275477 0.791299 0.054796
v -0.280874 0.735430 0.055869
v -0.275477 0.679560 0.054796
v -0.259494 0.625838 0.051616
v -0.233538 0.576327 0.046454
v -0.198608 0.532931 0.039506
v -0.156045 0.497316 0.031039
v -0.107486 0.470852 0.021380
v -0.054796 0.454556 0.010900
v -0.055869 1.178390 -0.000000
v -0.109592 1.126686 -0.000000
v -0.159102 1.056073 -0.000000
v -0.202499 0.978799 -0.000000
v -0.238113 0.905620 -0.000000
v -0.264577 0.845022 -0.000000
v -0.280874 0.791299 -0.000000
v -0.286376 0.735430 -0.000000
v -0.280874 0.679560 -0.000000
v -0.264577 0.625838 -0.000000
v -0.238113 0.576327 -0.000000
v -0.202499 0.532931 -0.000000
v -0.159102 0.497316 -0.000000
v -0.109592 0.470852 -0.000000
v -0.055869 0.454556 -0.000000
v -0.054796 1.178390 -0.010900
v -0.107486 1.126686 -0.021380
v -0.156045 1.056073 -0.031039
v -0.198608 0.978799 -0.039506
v -0.233538 0.905620 -0.046454
v -0.259494 0.845022 -0.051617
v -0.275477 0.791299 -0.054796
v -0.280874 0.735430 -0.055869
v -0.275477 0.679560 -0.054796
v -0.259494 0.625838 -0.051617
v -0.233538 0.576327 -0.046454
v -0.198608 0.532931 -0.039506
v -0.156045 0.497316 -0.031039
v -0.107486 0.470852 -0.021380
v -0.054796 0.454556 -0.010900
v -0.051616 1.178390 -0.021380
v -0.101249 1.126686 -0.041939
v -0.146991 1.056073 -0.060886
v -0.187084 0.978799 -0.077493
v -0.219988 0.905620 -0.091122
v -0.244438 0.845022 -0.101249
v -0.259494 0.791299 -0.107486
v -0.264577 0.735430 -0.109592
v -0.259494 0.679560 -0.107486
v -0.244438 0.625838 -0.101249
v -0.219988 0.576327 -0.091122
v -0.187084 0.532931 -0.077493
v -0.146991 0.497316 -0.060886
v -0.101249 0.470852 -0.041939
v -0.051616 0.454556 -0.021380
v -0.046454 1.178390 -0.031039
v -0.091122 1.126686 -0.060886
v -0.132289 1.056073 -0.088393
v -0.168372 0.978799 -0.112502
v -0.197984 0.905620 -0.132289
v -0.219988 0.845022 -0.146991
v -0.233538 0.791299 -0.156045
v -0.238113 0.735430 -0.159102
v -0.233538 0.679560 -0.156045
v -0.219988 0.625838 -0.146991
v -0.197984 0.576327 -0.132289
v -0.168372 0.532931 -0.112502
v -0.132289 0.497316 -0.088393
v -0.091122 0.470852 -0.060886
v -0.046454 0.454556 -0.031039
v -0.039506 1.178390 -0.039506
v -0.077493 1.126686 -0.077493
v -0.112502 1.056073 -0.112502
v -0.143188 0.978799 -0.143188
v -0.168371 0.905620 -0.168372
v -0.187084 0.845022 -0.187085
v -0.198608 0.791299 -0.198608
v -0.202499 0.735430 -0.202499
v -0.198608 0.679560 -0.198608
v -0.187084 0.625838 -0.187085
v -0.168371 0.576327 -0.168372
v -0.143188 0.532931 -0.143188
v -0.112502 0.497316 -0.112502
v -0.077493 0.470852 -0.077493
v -0.039506 0.454556 -0.039506
v -0.031039 1.178390 -0.046454
v -0.060886 1.126686 -0.091122
v -0.088392 1.056073 -0.132289
v -0.112502 0.978799 -0.168372
v -0.132289 0.905620 -0.197984
v -0.146991 0.845022 -0.219988
v -0.156045 0.791299 -0.233538
v -0.159102 0.735430 -0.238113
v -0.156045 0.679560 -0.233538
v -0.146991 0.625838 -0.219988
v -0.132289 0.576327 -0.197984
v -0.112502 0.532931 -0.168372
v -0.088392 0.497316 -0.132289
v -0.060886 0.470852 -0.091122
v -0.031039 0.454556 -0.046454
v -0.021380 1.178390 -0.051616
v -0.041939 1.126686 -0.101249
v -0.060886 1.056073 -0.146991
v -0.077493 0.978799 -0.187085
v -0.091122 0.905620 -0.219988
v -0.101249 0.845022 -0.244438
v -0.107486 0.791299 -0.259494
v -0.109591 0.735430 -0.264577
v -0.107486 0.679560 -0.259494
v -0.101249 0.625838 -0.244438
v -0.091122 0.576327 -0.219988
v -0.077493 0.532931 -0.187085
v -0.060886 0.497316 -0.146991
v -0.041939 0.470852 -0.101249
v -0.021380 0.454556 -0.051616
v -0.010900 1.178390 -0.054796
v -0.021380 1.126686 -0.107486
v -0.031039 1.056073 -0.156045
v -0.039506 0.978799 -0.198608
v -0.046454 0.905620 -0.233538
v -0.051616 0.845022 -0.259494
v -0.054796 0.791299 -0.275477
v -0.055869 0.735430 -0.280874
v -0.054796 0.679560 -0.275477
v -0.051616 0.625838 -0.259494
v -0.046454 0.576327 -0.233538
v -0.039506 0.532931 -0.198608
v -0.031039 0.497316 -0.156045
v -0.021380 0.470852 -0.107486
v -0.010900 0.454556 -0.054796
v 0.000000 1.178390 -0.055869
v 0.000000 1.126686 -0.109592
v 0.000000 0.978799 -0.202499
v 0.000000 0.845022 -0.264578
v 0.000000 0.625838 -0.264578
v 0.000000 0.532931 -0.202499
v 0.000000 0.497316 -0.159102
v 0.000000 0.470852 -0.109592
v 0.000000 0.454556 -0.055869
vn 0.0624 -0.7715 -0.6332
vn 0.0899 0.3986 -0.9127
vn 0.0464 -0.8810 -0.4709
vn 0.0938 0.2890 -0.9527
vn 0.0286 -0.9565 -0.2902
vn 0.0975 0.0975 -0.9904
vn 0.0332 0.9409 -0.3371
vn 0.0097 -0.9951 -0.0980
vn 0.0975 -0.0975 -0.9904
vn 0.0681 0.7188 -0.6918
vn 0.0938 -0.2890 -0.9527
vn 0.0804 0.5722 -0.8161
vn 0.0865 -0.4696 -0.8786
vn 0.0856 0.4879 -0.8687
vn 0.0759 -0.6326 -0.7708
vn 0.0882 0.4359 -0.8957
vn 0.2534 0.4879 -0.8353
vn 0.2248 -0.6326 -0.7412
vn 0.2613 0.4359 -0.8612
vn 0.1847 -0.7715 -0.6088
vn 0.2662 0.3986 -0.8776
vn 0.1374 -0.8810 -0.4528
vn 0.2779 0.2890 -0.9161
vn 0.0846 -0.9565 -0.2790
vn 0.2889 0.0975 -0.9524
vn 0.0983 0.9409 -0.3242
vn 0.0286 -0.9951 -0.0942
vn 0.2889 -0.0975 -0.9524
vn 0.2018 0.7188 -0.6652
vn 0.2779 -0.2890 -0.9161
vn 0.2381 0.5722 -0.7848
vn 0.2563 -0.4696 -0.8448
vn 0.4691 0.0975 -0.8777
vn 0.1597 0.9409 -0.2987
vn 0.0464 -0.9951 -0.0869
vn 0.4691 -0.0975 -0.8777
vn 0.3277 0.7188 -0.6131
vn 0.4513 -0.2890 -0.8443
vn 0.3866 0.5722 -0.7233
vn 0.4162 -0.4696 -0.7786
vn 0.4115 0.4879 -0.7698
vn 0.3651 -0.6326 -0.6831
vn 0.4243 0.4359 -0.7937
vn 0.2999 -0.7715 -0.5611
vn 0.4323 0.3986 -0.8088
vn 0.2231 -0.8810 -0.4173
vn 0.4513 0.2890 -0.8443
vn 0.1374 -0.9565 -0.2571
vn 0.4913 -0.6326 -0.5987
vn 0.5710 0.4359 -0.6957
vn 0.4036 -0.7715 -0.4918
vn 0.5818 0.3986 -0.7089
vn 0.3002 -0.8810 -0.3658
vn 0.6073 0.2890 -0.7400
vn 0.1850 -0.9566 -0.2254
vn 0.6314 0.0975 -0.7693
vn 0.2149 0.9409 -0.2619
vn 0.0625 -0.9951 -0.0761
vn 0.6314 -0.0975 -0.7693
vn 0.4410 0.7188 -0.5374
vn 0.6073 -0.2890 -0.7400
vn 0.5203 0.5722 -0.6339
vn 0.5601 -0.4696 -0.6825
vn 0.5538 0.4879 -0.6748
vn 0.0761 -0.9951 -0.0625
vn 0.7693 -0.0975 -0.6314
vn 0.5374 0.7188 -0.4410
vn 0.7400 -0.2890 -0.6073
vn 0.6339 0.5722 -0.5203
vn 0.6825 -0.4696 -0.5601
vn 0.6748 0.4879 -0.5538
vn 0.5987 -0.6326 -0.4913
vn 0.6957 0.4359 -0.5710
vn 0.4918 -0.7715 -0.4036
vn 0.7089 0.3986 -0.5818
vn 0.3658 -0.8810 -0.3002
vn 0.7400 0.2890 -0.6073
vn 0.2254 -0.9565 -0.1850
vn 0.7693 0.0975 -0.6314
vn 0.2618 0.9409 -0.2149
vn 0.5611 -0.7715 -0.2999
vn 0.8088 0.3986 -0.4323
vn 0.4173 -0.8810 -0.2230
vn 0.8443 0.2890 -0.4513
vn 0.2571 -0.9566 -0.1374
vn 0.8777 0.0975 -0.4691
vn 0.2987 0.9409 -0.1597
vn 0.0869 -0.9951 -0.0464
vn 0.8777 -0.0975 -0.4691
vn 0.6131 0.7188 -0.3277
vn 0.8443 -0.2890 -0.4513
vn 0.7233 0.5722 -0.3866
vn 0.7786 -0.4696 -0.4162
vn 0.7698 0.4879 -0.4115
vn 0.6831 -0.6326 -0.3651
vn 0.7937 0.4359 -0.4243
vn 0.6652 0.7188 -0.2018
vn 0.9161 -0.2890 -0.2779
vn 0.7848 0.5722 -0.2381
vn 0.8448 -0.4696 -0.2563
vn 0.8353 0.4879 -0.2534
vn 0.7412 -0.6326 -0.2248
vn 0.8612 0.4359 -0.2613
vn 0.6088 -0.7715 -0.1847
vn 0.8776 0.3986 -0.2662
vn 0.4528 -0.8810 -0.1374
vn 0.9161 0.2890 -0.2779
vn 0.2790 -0.9565 -0.0846
vn 0.9524 0.0975 -0.2889
vn 0.3242 0.9409 -0.0983
vn 0.0942 -0.9951 -0.0286
vn 0.9524 -0.0975 -0.2889
vn 0.9127 0.3986 -0.0899
vn 0.4709 -0.8810 -0.0464
vn 0.9527 0.2890 -0.0938
vn 0.2902 -0.9565 -0.0286
vn 0.9904 0.0975 -0.0975
vn 0.3371 0.9409 -0.0332
vn 0.0980 -0.9951 -0.0097
vn 0.9904 -0.0975 -0.0975
vn 0.6918 0.7188 -0.0681
vn 0.9527 -0.2890 -0.0938
vn 0.8161 0.5722 -0.0804
vn 0.8786 -0.4696 -0.0865
vn 0.8687 0.4879 -0.0856
vn 0.7708 -0.6326 -0.0759
vn 0.8957 0.4359 -0.0882
vn 0.6332 -0.7715 -0.0624
vn 0.9527 -0.2890 0.0938
vn 0.8161 0.5722 0.0804
vn 0.8786 -0.4696 0.0865
vn 0.8687 0.4879 0.0856
vn 0.7708 -0.6326 0.0759
vn 0.8957 0.4359 0.0882
vn 0.6332 -0.7715 0.0624
vn 0.9127 0.3986 0.0899
vn 0.4709 -0.8810 0.0464
vn 0.9527 0.2890 0.0938
vn 0.2902 -0.9565 0.0286
vn 0.9904 0.0975 0.0975
vn 0.3371 0.9409 0.0332
vn 0.0980 -0.9951 0.0097
vn 0.9904 -0.0975 0.0975
vn 0.6918 0.7188 0.0681
vn 0.4528 -0.8810 0.1374
vn 0.9161 0.2890 0.2779
vn 0.2790 -0.9565 0.0846
vn 0.9524 0.0975 0.2889
vn 0.3242 0.9409 0.0983
vn 0.0942 -0.9951 0.0286
vn 0.9524 -0.0975 0.2889
vn 0.6652 0.7188 0.2018
vn 0.9161 -0.2890 0.2779
vn 0.7848 0.5722 0.2381
vn 0.8448 -0.4696 0.2563
vn 0.8353 0.4879 0.2534
vn 0.7412 -0.6326 0.2248
vn 0.8612 0.4359 0.2613
vn 0.6088 -0.7715 0.1847
vn 0.8776 0.3986 0.2662
vn 0.7233 0.5722 0.3866
vn 0.7786 -0.4696 0.4162
vn 0.7698 0.4879 0.4115
vn 0.6831 -0.6326 0.3651
vn 0.7937 0.4359 0.4243
vn 0.5611 -0.7715 0.2999
vn 0.8088 0.3986 0.4323
vn 0.4173 -0.8810 0.2231
vn 0.8443 0.2890 0.4513
vn 0.2571 -0.9565 0.1374
vn 0.8777 0.0975 0.4691
vn 0.2988 0.9409 0.1597
vn 0.0869 -0.9951 0.0464
vn 0.8777 -0.0975 0.4691
vn 0.6131 0.7188 0.3277
vn 0.8443 -0.2890 0.4513
vn 0.7400 0.2890 0.6073
vn 0.2254 -0.9565 0.1850
vn 0.7693 0.0975 0.6314
vn 0.2618 0.9409 0.2149
vn 0.0761 -0.9951 0.0625
vn 0.7693 -0.0975 0.6314
vn 0.5374 0.7188 0.4410
vn 0.7400 -0.2890 0.6073
vn 0.6339 0.5722 0.5203
vn 0.6825 -0.4696 0.5601
vn 0.6748 0.4879 0.5538
vn 0.5987 -0.6326 0.4913
vn 0.6957 0.4359 0.5710
vn 0.4918 -0.7715 0.4036
vn 0.7089 0.3986 0.5818
vn 0.3658 -0.8810 0.3002
vn 0.5601 -0.4696 0.6825
vn 0.5538 0.4879 0.6748
vn 0.4913 -0.6326 0.5987
vn 0.5710 0.4359 0.6957
vn 0.4036 -0.7715 0.4918
vn 0.5818 0.3986 0.7089
vn 0.3002 -0.8810 0.3658
vn 0.6073 0.2890 0.7400
vn 0.1850 -0.9565 0.2254
vn 0.6314 0.0975 0.7693
vn 0.2149 0.9409 0.2619
vn 0.0625 -0.9951 0.0761
vn 0.6314 -0.0975 0.7693
vn 0.4410 0.7188 0.5374
vn 0.6073 -0.2890 0.7400
vn 0.5203 0.5722 0.6339
vn 0.1374 -0.9565 0.2571
vn 0.4691 0.0975 0.8777
vn 0.1597 0.9409 0.2987
vn 0.0464 -0.9951 0.0869
vn 0.4691 -0.0975 0.8777
vn 0.3277 0.7188 0.6131
vn 0.4513 -0.2890 0.8443
vn 0.3866 0.5722 0.7233
vn 0.4162 -0.4696 0.7786
vn 0.4115 0.4879 0.7698
vn 0.3651 -0.6326 0.6831
vn 0.4243 0.4359 0.7937
vn 0.2999 -0.7715 0.5611
vn 0.4323 0.3986 0.8088
vn 0.2230 -0.8810 0.4173
vn 0.4513 0.2890 0.8443
vn 0.2248 -0.6326 0.7412
vn 0.2613 0.4359 0.8612
vn 0.1847 -0.7715 0.6088
vn 0.2662 0.3986 0.8776
vn 0.1374 -0.8810 0.4528
vn 0.2779 0.2890 0.9161
vn 0.0846 -0.9565 0.2790
vn 0.2889 0.0975 0.9524
vn 0.0983 0.9409 0.3242
vn 0.0286 -0.9951 0.0942
vn 0.2889 -0.0975 0.9524
vn 0.2018 0.7188 0.6652
vn 0.2779 -0.2890 0.9161
vn 0.2381 0.5722 0.7848
vn 0.2563 -0.4696 0.8448
vn 0.2534 0.4879 0.8353
vn 0.0332 0.9409 0.3371
vn 0.0097 -0.9951 0.0980
vn 0.0975 -0.0975 0.9904
vn 0.0681 0.7188 0.6918
vn 0.0938 -0.2890 0.9527
vn 0.0804 0.5722 0.8161
vn 0.0865 -0.4696 0.8786
vn 0.0856 0.4879 0.8687
vn 0.0759 -0.6326 0.7708
vn 0.0882 0.4359 0.8957
vn 0.0624 -0.7715 0.6332
vn 0.0899 0.3986 0.9127
vn 0.0464 -0.8810 0.4709
vn 0.0938 0.2890 0.9527
vn 0.0286 -0.9565 0.2902
vn 0.0975 0.0975 0.9904
vn -0.0882 0.4359 0.8957
vn -0.0624 -0.7715 0.6332
vn -0.0899 0.3986 0.9127
vn -0.0464 -0.8810 0.4709
vn -0.0938 0.2890 0.9527
vn -0.0286 -0.9565 0.2902
vn -0.0976 0.0975 0.9904
vn -0.0332 0.9409 0.3371
vn -0.0097 -0.9951 0.0980
vn -0.0976 -0.0975 0.9904
vn -0.0681 0.7188 0.6918
vn -0.0938 -0.2890 0.9527
vn -0.0804 0.5722 0.8161
vn -0.0865 -0.4696 0.8786
vn -0.0856 0.4879 0.8687
vn -0.0759 -0.6326 0.7708
vn -0.2889 -0.0975 0.9524
vn -0.2018 0.7188 0.6652
vn -0.2779 -0.2890 0.9161
vn -0.2381 0.5722 0.7848
vn -0.2563 -0.4696 0.8448
vn -0.2534 0.4879 0.8353
vn -0.2248 -0.6326 0.7412
vn -0.2613 0.4359 0.8612
vn -0.1847 -0.7715 0.6088
vn -0.2662 0.3986 0.8776
vn -0.1374 -0.8810 0.4528
vn -0.2779 0.2890 0.9161
vn -0.0846 -0.9565 0.2790
vn -0.2889 0.0975 0.9524
vn -0.0983 0.9409 0.3242
vn -0.0286 -0.9951 0.0942
vn -0.2999 -0.7715 0.5611
vn -0.4323 0.3986 0.8088
vn -0.2231 -0.8810 0.4173
vn -0.4513 0.2890 0.8443
vn -0.1374 -0.9565 0.2571
vn -0.4691 0.0975 0.8777
vn -0.1597 0.9409 0.2987
vn -0.0464 -0.9951 0.0869
vn -0.4691 -0.0975 0.8777
vn -0.3277 0.7188 0.6131
vn -0.4513 -0.2890 0.8443
vn -0.3866 0.5722 0.7233
vn -0.4162 -0.4696 0.7786
vn -0.4115 0.4879 0.7698
vn -0.3651 -0.6326 0.6831
vn -0.4243 0.4359 0.7937
vn -0.4410 0.7188 0.5374
vn -0.6073 -0.2890 0.7400
vn -0.5203 0.5722 0.6339
vn -0.5601 -0.4696 0.6825
vn -0.5538 0.4879 0.6748
vn -0.4913 -0.6326 0.5987
vn -0.5710 0.4359 0.6957
vn -0.4036 -0.7715 0.4918
vn -0.5818 0.3986 0.7089
vn -0.3002 -0.8810 0.3658
vn -0.6073 0.2890 0.7400
vn -0.1850 -0.9566 0.2254
vn -0.6314 0.0975 0.7693
vn -0.2149 0.9409 0.2619
vn -0.0625 -0.9951 0.0761
vn -0.6314 -0.0975 0.7693
vn -0.7089 0.3986 0.5818
vn -0.3658 -0.8810 0.3002
vn -0.7400 0.2890 0.6073
vn -0.2254 -0.9565 0.1850
vn -0.7693 0.0975 0.6314
vn -0.2618 0.9409 0.2149
vn -0.0761 -0.9951 0.0625
vn -0.7693 -0.0975 0.6314
vn -0.5374 0.7188 0.4410
vn -0.7400 -0.2890 0.6073
vn -0.6339 0.5722 0.5203
vn -0.6825 -0.4696 0.5601
vn -0.6748 0.4879 0.5538
vn -0.5987 -0.6326 0.4913
vn -0.6957 0.4359 0.5710
vn -0.4918 -0.7715 0.4036
vn -0.8443 -0.2890 0.4513
vn -0.7233 0.5722 0.3866
vn -0.7786 -0.4696 0.4162
vn -0.7698 0.4879 0.4115
vn -0.6831 -0.6326 0.3651
vn -0.7937 0.4359 0.4243
vn -0.5611 -0.7715 0.2999
vn -0.8088 0.3986 0.4323
vn -0.4173 -0.8810 0.2231
vn -0.8443 0.2890 0.4513
vn -0.2571 -0.9565 0.1374
vn -0.8777 0.0975 0.4691
vn -0.2987 0.9409 0.1597
vn -0.0869 -0.9951 0.0464
vn -0.8777 -0.0975 0.4691
vn -0.6131 0.7188 0.3277
vn -0.4528 -0.8810 0.1374
vn -0.9161 0.2890 0.2779
vn -0.2790 -0.9565 0.0846
vn -0.9524 0.0975 0.2889
vn -0.3242 0.9409 0.0983
vn -0.0942 -0.9951 0.0286
vn -0.9524 -0.0975 0.2889
vn -0.6652 0.7188 0.2018
vn -0.9161 -0.2890 0.2779
vn -0.7848 0.5722 0.2381
vn -0.8448 -0.4696 0.2563
vn -0.8353 0.4879 0.2534
vn -0.7412 -0.6326 0.2248
vn -0.8612 0.4359 0.2613
vn -0.6088 -0.7715 0.1847
vn -0.8776 0.3986 0.2662
vn -0.8786 -0.4696 0.0865
vn -0.8687 0.4879 0.0856
vn -0.7708 -0.6326 0.0759
vn -0.8957 0.4359 0.0882
vn -0.6332 -0.7715 0.0624
vn -0.9127 0.3986 0.0899
vn -0.4709 -0.8810 0.0464
vn -0.9527 0.2890 0.0938
vn -0.2902 -0.9565 0.0286
vn -0.9904 0.0975 0.0976
vn -0.3371 0.9409 0.0332
vn -0.0980 -0.9951 0.0097
vn -0.9904 -0.0975 0.0976
vn -0.6918 0.7188 0.0681
vn -0.9527 -0.2890 0.0938
vn -0.8161 0.5722 0.0804
vn -0.2902 -0.9565 -0.0286
vn -0.9904 0.0975 -0.0976
vn -0.3371 0.9409 -0.0332
vn -0.0980 -0.9951 -0.0097
vn -0.9904 -0.0975 -0.0976
vn -0.6918 0.7188 -0.0681
vn -0.9527 -0.2890 -0.0938
vn -0.8161 0.5722 -0.0804
vn -0.8786 -0.4696 -0.0865
vn -0.8687 0.4879 -0.0856
vn -0.7708 -0.6326 -0.0759
vn -0.8957 0.4359 -0.0882
vn -0.6332 -0.7715 -0.0624
vn -0.9127 0.3986 -0.0899
vn -0.4709 -0.8810 -0.0464
vn -0.9527 0.2890 -0.0938
vn -0.8353 0.4879 -0.2534
vn -0.7412 -0.6326 -0.2248
vn -0.8612 0.4359 -0.2613
vn -0.6088 -0.7715 -0.1847
vn -0.8776 0.3986 -0.2662
vn -0.4528 -0.8810 -0.1374
vn -0.9161 0.2890 -0.2779
vn -0.2790 -0.9565 -0.0846
vn -0.9524 0.0975 -0.2889
vn -0.3242 0.9409 -0.0983
vn -0.0942 -0.9951 -0.0286
vn -0.9524 -0.0975 -0.2889
vn -0.6652 0.7188 -0.2018
vn -0.9161 -0.2890 -0.2779
vn -0.7848 0.5722 -0.2381
vn -0.8448 -0.4696 -0.2563
vn -0.8777 0.0975 -0.4691
vn -0.2987 0.9409 -0.1597
vn -0.0869 -0.9951 -0.0464
vn -0.8777 -0.0975 -0.4691
vn -0.6131 0.7188 -0.3277
vn -0.8443 -0.2890 -0.4513
vn -0.7233 0.5722 -0.3866
vn -0.7786 -0.4696 -0.4162
vn -0.7698 0.4879 -0.4115
vn -0.6831 -0.6326 -0.3651
vn -0.7937 0.4359 -0.4243
vn -0.5611 -0.7715 -0.2999
vn -0.8088 0.3986 -0.4323
vn -0.4173 -0.8810 -0.2231
vn -0.8443 0.2890 -0.4513
vn -0.2571 -0.9565 -0.1374
vn -0.5987 -0.6326 -0.4913
vn -0.6957 0.4359 -0.5710
vn -0.4918 -0.7715 -0.4036
vn -0.7089 0.3986 -0.5818
vn -0.3658 -0.8810 -0.3002
vn -0.7400 0.2890 -0.6073
vn -0.2254 -0.9565 -0.1850
vn -0.7693 0.0975 -0.6314
vn -0.2619 0.9409 -0.2149
vn -0.0761 -0.9951 -0.0625
vn -0.7693 -0.0975 -0.6314
vn -0.5374 0.7188 -0.4410
vn -0.7400 -0.2890 -0.6073
vn -0.6339 0.5722 -0.5203
vn -0.6825 -0.4696 -0.5601
vn -0.6748 0.4879 -0.5538
vn -0.2149 0.9409 -0.2619
vn -0.0625 -0.9951 -0.0761
vn -0.6314 -0.0975 -0.7693
vn -0.4410 0.7188 -0.5374
vn -0.6073 -0.2890 -0.7400
vn -0.5203 0.5722 -0.6339
vn -0.5601 -0.4696 -0.6825
vn -0.5538 0.4879 -0.6748
vn -0.4913 -0.6326 -0.5987
vn -0.5710 0.4359 -0.6957
vn -0.4036 -0.7715 -0.4918
vn -0.5818 0.3986 -0.7089
vn -0.3002 -0.8810 -0.3658
vn -0.6073 0.2890 -0.7400
vn -0.1850 -0.9565 -0.2254
vn -0.6314 0.0975 -0.7693
vn -0.4243 0.4359 -0.7937
vn -0.2999 -0.7715 -0.5611
vn -0.4323 0.3986 -0.8088
vn -0.2230 -0.8810 -0.4173
vn -0.4513 0.2890 -0.8443
vn -0.1374 -0.9565 -0.2571
vn -0.4691 0.0975 -0.8777
vn -0.1597 0.9409 -0.2987
vn -0.0464 -0.9951 -0.0869
vn -0.4691 -0.0975 -0.8777
vn -0.3277 0.7188 -0.6131
vn -0.4513 -0.2890 -0.8443
vn -0.3866 0.5722 -0.7233
vn -0.4162 -0.4696 -0.7786
vn -0.4115 0.4879 -0.7698
vn -0.3651 -0.6326 -0.6831
vn -0.2889 -0.0975 -0.9524
vn -0.2018 0.7188 -0.6652
vn -0.2779 -0.2890 -0.9161
vn -0.2381 0.5722 -0.7848
vn -0.2563 -0.4696 -0.8448
vn -0.2534 0.4879 -0.8353
vn -0.2248 -0.6326 -0.7412
vn -0.2613 0.4359 -0.8612
vn -0.1847 -0.7715 -0.6088
vn -0.2662 0.3986 -0.8776
vn -0.1374 -0.8810 -0.4528
vn -0.2779 0.2890 -0.9161
vn -0.0846 -0.9565 -0.2790
vn -0.2889 0.0975 -0.9524
vn -0.0983 0.9409 -0.3242
vn -0.0286 -0.9951 -0.0942
vn -0.0624 -0.7715 -0.6332
vn -0.0899 0.3986 -0.9127
vn -0.0464 -0.8810 -0.4709
vn -0.0938 0.2890 -0.9527
vn -0.0286 -0.9565 -0.2902
vn -0.0976 0.0975 -0.9904
vn -0.0332 0.9409 -0.3371
vn -0.0097 -0.9951 -0.0980
vn -0.0976 -0.0975 -0.9904
vn -0.0681 0.7188 -0.6918
vn -0.0938 -0.2890 -0.9527
vn -0.0804 0.5722 -0.8161
vn -0.0865 -0.4696 -0.8786
vn -0.0856 0.4879 -0.8687
vn -0.0759 -0.6326 -0.7708
vn -0.0882 0.4359 -0.8957
vt 0.199742 0.812927
vt 0.199742 0.825061
vt 0.193675 0.825061
vt 0.193675 0.812927
vt 0.199742 0.897865
vt 0.199742 0.909999
vt 0.193675 0.909999
vt 0.193675 0.897865
vt 0.199742 0.800793
vt 0.193675 0.800793
vt 0.199742 0.885731
vt 0.193675 0.885731
vt 0.199742 0.788659
vt 0.193675 0.788659
vt 0.199742 0.873597
vt 0.193675 0.873597
vt 0.199742 0.958535
vt 0.196708 0.970669
vt 0.193675 0.958535
vt 0.196708 0.776525
vt 0.199742 0.861463
vt 0.193675 0.861463
vt 0.199742 0.946401
vt 0.193675 0.946401
vt 0.199742 0.849329
vt 0.193675 0.849329
vt 0.199742 0.934267
vt 0.193675 0.934267
vt 0.199742 0.837195
vt 0.193675 0.837195
vt 0.199742 0.922133
vt 0.193675 0.922133
vt 0.187608 0.934267
vt 0.187608 0.922133
vt 0.187608 0.837195
vt 0.187608 0.825061
vt 0.187608 0.909999
vt 0.187608 0.812927
vt 0.187608 0.897865
vt 0.187608 0.800793
vt 0.187608 0.885731
vt 0.187608 0.788659
vt 0.187608 0.873597
vt 0.190641 0.970669
vt 0.187608 0.958535
vt 0.190641 0.776525
vt 0.187608 0.861463
vt 0.187608 0.946401
vt 0.187608 0.849329
vt 0.181541 0.885731
vt 0.181541 0.873597
vt 0.184574 0.970669
vt 0.181541 0.958535
vt 0.184574 0.776525
vt 0.181541 0.788659
vt 0.181541 0.861463
vt 0.181541 0.946401
vt 0.181541 0.849329
vt 0.181541 0.934267
vt 0.181541 0.837195
vt 0.181541 0.922133
vt 0.181541 0.825061
vt 0.181541 0.909999
vt 0.181541 0.812927
vt 0.181541 0.897865
vt 0.181541 0.800793
vt 0.175474 0.837195
vt 0.175474 0.825061
vt 0.175474 0.922133
vt 0.175474 0.909999
vt 0.175474 0.812927
vt 0.175474 0.897865
vt 0.175474 0.800793
vt 0.175474 0.885731
vt 0.175474 0.788659
vt 0.175474 0.873597
vt 0.178507 0.970669
vt 0.175474 0.958535
vt 0.178507 0.776525
vt 0.175474 0.861463
vt 0.175474 0.946401
vt 0.175474 0.849329
vt 0.175474 0.934267
vt 0.172440 0.776525
vt 0.169407 0.788659
vt 0.169407 0.873597
vt 0.169407 0.861463
vt 0.169407 0.958535
vt 0.169407 0.946401
vt 0.169407 0.849329
vt 0.169407 0.934267
vt 0.169407 0.837195
vt 0.169407 0.922133
vt 0.169407 0.825061
vt 0.169407 0.909999
vt 0.169407 0.812927
vt 0.169407 0.897865
vt 0.169407 0.800793
vt 0.169407 0.885731
vt 0.172440 0.970669
vt 0.163340 0.825061
vt 0.163340 0.812927
vt 0.163340 0.909999
vt 0.163340 0.897865
vt 0.163340 0.800793
vt 0.163340 0.885731
vt 0.163340 0.788659
vt 0.163340 0.873597
vt 0.166373 0.970669
vt 0.163340 0.958535
vt 0.166373 0.776525
vt 0.163340 0.861463
vt 0.163340 0.946401
vt 0.163340 0.849329
vt 0.163340 0.934267
vt 0.163340 0.837195
vt 0.163340 0.922133
vt 0.157273 0.958535
vt 0.157273 0.946401
vt 0.157273 0.861463
vt 0.157273 0.849329
vt 0.157273 0.934267
vt 0.157273 0.837195
vt 0.157273 0.922133
vt 0.157273 0.825061
vt 0.157273 0.909999
vt 0.157273 0.812927
vt 0.157273 0.897865
vt 0.157273 0.800793
vt 0.157273 0.885731
vt 0.157273 0.788659
vt 0.157273 0.873597
vt 0.160306 0.970669
vt 0.160306 0.776525
vt 0.151206 0.909999
vt 0.151206 0.897865
vt 0.151206 0.812927
vt 0.151206 0.800793
vt 0.151206 0.885731
vt 0.151206 0.788659
vt 0.151206 0.873597
vt 0.154239 0.970669
vt 0.151206 0.958535
vt 0.154239 0.776525
vt 0.151206 0.861463
vt 0.151206 0.946401
vt 0.151206 0.849329
vt 0.151206 0.934267
vt 0.151206 0.837195
vt 0.151206 0.922133
vt 0.151206 0.825061
vt 0.145139 0.861463
vt 0.145139 0.849329
vt 0.145139 0.946401
vt 0.145139 0.934267
vt 0.145139 0.837195
vt 0.145139 0.922133
vt 0.145139 0.825061
vt 0.145139 0.909999
vt 0.145139 0.812927
vt 0.145139 0.897865
vt 0.145139 0.800793
vt 0.145139 0.885731
vt 0.145139 0.788659
vt 0.145139 0.873597
vt 0.148172 0.970669
vt 0.145139 0.958535
vt 0.148172 0.776525
vt 0.139072 0.812927
vt 0.139072 0.800793
vt 0.139072 0.897865
vt 0.139072 0.885731
vt 0.139072 0.788659
vt 0.139072 0.873597
vt 0.142105 0.970669
vt 0.139072 0.958535
vt 0.142105 0.776525
vt 0.139072 0.861463
vt 0.139072 0.946401
vt 0.139072 0.849329
vt 0.139072 0.934267
vt 0.139072 0.837195
vt 0.139072 0.922133
vt 0.139072 0.825061
vt 0.139072 0.909999
vt 0.133005 0.946401
vt 0.133005 0.934267
vt 0.133005 0.849329
vt 0.133005 0.837195
vt 0.133005 0.922133
vt 0.133005 0.825061
vt 0.133005 0.909999
vt 0.133005 0.812927
vt 0.133005 0.897865
vt 0.133005 0.800793
vt 0.133005 0.885731
vt 0.133005 0.788659
vt 0.133005 0.873597
vt 0.136038 0.970669
vt 0.133005 0.958535
vt 0.136038 0.776525
vt 0.133005 0.861463
vt 0.126938 0.897865
vt 0.126938 0.885731
vt 0.126938 0.800793
vt 0.126938 0.788659
vt 0.126938 0.873597
vt 0.129971 0.970669
vt 0.126938 0.958535
vt 0.129971 0.776525
vt 0.126938 0.861463
vt 0.126938 0.946401
vt 0.126938 0.849329
vt 0.126938 0.934267
vt 0.126938 0.837195
vt 0.126938 0.922133
vt 0.126938 0.825061
vt 0.126938 0.909999
vt 0.126938 0.812927
vt 0.120871 0.849329
vt 0.120871 0.837195
vt 0.120871 0.934267
vt 0.120871 0.922133
vt 0.120871 0.825061
vt 0.120871 0.909999
vt 0.120871 0.812927
vt 0.120871 0.897865
vt 0.120871 0.800793
vt 0.120871 0.885731
vt 0.120871 0.788659
vt 0.120871 0.873597
vt 0.123904 0.970669
vt 0.120871 0.958535
vt 0.123904 0.776525
vt 0.120871 0.861463
vt 0.120871 0.946401
vt 0.114804 0.800793
vt 0.114804 0.788659
vt 0.114804 0.885731
vt 0.114804 0.873597
vt 0.117837 0.970669
vt 0.114804 0.958535
vt 0.117837 0.776525
vt 0.114804 0.861463
vt 0.114804 0.946401
vt 0.114804 0.849329
vt 0.114804 0.934267
vt 0.114804 0.837195
vt 0.114804 0.922133
vt 0.114804 0.825061
vt 0.114804 0.909999
vt 0.114804 0.812927
vt 0.114804 0.897865
vt 0.108737 0.837195
vt 0.108737 0.825061
vt 0.108737 0.922133
vt 0.108737 0.909999
vt 0.108737 0.812927
vt 0.108737 0.897865
vt 0.108737 0.800793
vt 0.108737 0.885731
vt 0.108737 0.788659
vt 0.108737 0.873597
vt 0.111770 0.970669
vt 0.108737 0.958535
vt 0.111770 0.776525
vt 0.108737 0.861463
vt 0.108737 0.946401
vt 0.108737 0.849329
vt 0.108737 0.934267
vt 0.105703 0.970669
vt 0.102670 0.958535
vt 0.105703 0.776525
vt 0.102670 0.788659
vt 0.102670 0.873597
vt 0.102670 0.861463
vt 0.102670 0.946401
vt 0.102670 0.849329
vt 0.102670 0.934267
vt 0.102670 0.837195
vt 0.102670 0.922133
vt 0.102670 0.825061
vt 0.102670 0.909999
vt 0.102670 0.812927
vt 0.102670 0.897865
vt 0.102670 0.800793
vt 0.102670 0.885731
vt 0.096603 0.922133
vt 0.096603 0.909999
vt 0.096603 0.825061
vt 0.096603 0.812927
vt 0.096603 0.897865
vt 0.096603 0.800793
vt 0.096603 0.885731
vt 0.096603 0.788659
vt 0.096603 0.873597
vt 0.099636 0.970669
vt 0.096603 0.958535
vt 0.099636 0.776525
vt 0.096603 0.861463
vt 0.096603 0.946401
vt 0.096603 0.849329
vt 0.096603 0.934267
vt 0.096603 0.837195
vt 0.090536 0.873597
vt 0.090536 0.861463
vt 0.090536 0.958535
vt 0.090536 0.946401
vt 0.090536 0.849329
vt 0.090536 0.934267
vt 0.090536 0.837195
vt 0.090536 0.922133
vt 0.090536 0.825061
vt 0.090536 0.909999
vt 0.090536 0.812927
vt 0.090536 0.897865
vt 0.090536 0.800793
vt 0.090536 0.885731
vt 0.090536 0.788659
vt 0.093569 0.970669
vt 0.093569 0.776525
vt 0.084469 0.825061
vt 0.084469 0.812927
vt 0.084469 0.909999
vt 0.084469 0.897865
vt 0.084469 0.800793
vt 0.084469 0.885731
vt 0.084469 0.788659
vt 0.084469 0.873597
vt 0.087502 0.970669
vt 0.084469 0.958535
vt 0.087502 0.776525
vt 0.084469 0.861463
vt 0.084469 0.946401
vt 0.084469 0.849329
vt 0.084469 0.934267
vt 0.084469 0.837195
vt 0.084469 0.922133
vt 0.078402 0.958535
vt 0.078402 0.946401
vt 0.078402 0.861463
vt 0.078402 0.849329
vt 0.078402 0.934267
vt 0.078402 0.837195
vt 0.078402 0.922133
vt 0.078402 0.825061
vt 0.078402 0.909999
vt 0.078402 0.812927
vt 0.078402 0.897865
vt 0.078402 0.800793
vt 0.078402 0.885731
vt 0.078402 0.788659
vt 0.078402 0.873597
vt 0.081435 0.970669
vt 0.081435 0.776525
vt 0.072335 0.909999
vt 0.072335 0.897865
vt 0.072335 0.812927
vt 0.072335 0.800793
vt 0.072335 0.885731
vt 0.072335 0.788659
vt 0.072335 0.873597
vt 0.075368 0.970669
vt 0.072335 0.958535
vt 0.075368 0.776525
vt 0.072335 0.861463
vt 0.072335 0.946401
vt 0.072335 0.849329
vt 0.072335 0.934267
vt 0.072335 0.837195
vt 0.072335 0.922133
vt 0.072335 0.825061
vt 0.066268 0.861463
vt 0.066268 0.849329
vt 0.066268 0.946401
vt 0.066268 0.934267
vt 0.066268 0.837195
vt 0.066268 0.922133
vt 0.066268 0.825061
vt 0.066268 0.909999
vt 0.066268 0.812927
vt 0.066268 0.897865
vt 0.066268 0.800793
vt 0.066268 0.885731
vt 0.066268 0.788659
vt 0.066268 0.873597
vt 0.069301 0.970669
vt 0.066268 0.958535
vt 0.069301 0.776525
vt 0.060201 0.812927
vt 0.060201 0.800793
vt 0.060201 0.897865
vt 0.060201 0.885731
vt 0.060201 0.788659
vt 0.060201 0.873597
vt 0.063234 0.970669
vt 0.060201 0.958535
vt 0.063234 0.776525
vt 0.060201 0.861463
vt 0.060201 0.946401
vt 0.060201 0.849329
vt 0.060201 0.934267
vt 0.060201 0.837195
vt 0.060201 0.922133
vt 0.060201 0.825061
vt 0.060201 0.909999
vt 0.054134 0.849329
vt 0.054134 0.837195
vt 0.054134 0.934267
vt 0.054134 0.922133
vt 0.054134 0.825061
vt 0.054134 0.909999
vt 0.054134 0.812927
vt 0.054134 0.897865
vt 0.054134 0.800793
vt 0.054134 0.885731
vt 0.054134 0.788659
vt 0.054134 0.873597
vt 0.057167 0.970669
vt 0.054134 0.958535
vt 0.057167 0.776525
vt 0.054134 0.861463
vt 0.054134 0.946401
vt 0.248278 0.788659
vt 0.248278 0.800793
vt 0.242211 0.800793
vt 0.242211 0.788659
vt 0.248278 0.873597
vt 0.248278 0.885731
vt 0.242211 0.885731
vt 0.242211 0.873597
vt 0.248278 0.958535
vt 0.245244 0.970669
vt 0.242211 0.958535
vt 0.245244 0.776525
vt 0.248278 0.861463
vt 0.242211 0.861463
vt 0.248278 0.946401
vt 0.242211 0.946401
vt 0.248278 0.849329
vt 0.242211 0.849329
vt 0.248278 0.934267
vt 0.242211 0.934267
vt 0.248278 0.837195
vt 0.242211 0.837195
vt 0.248278 0.922133
vt 0.242211 0.922133
vt 0.248278 0.825061
vt 0.242211 0.825061
vt 0.248278 0.909999
vt 0.242211 0.909999
vt 0.248278 0.812927
vt 0.242211 0.812927
vt 0.248278 0.897865
vt 0.242211 0.897865
vt 0.236144 0.934267
vt 0.236144 0.922133
vt 0.236144 0.837195
vt 0.236144 0.825061
vt 0.236144 0.909999
vt 0.236144 0.812927
vt 0.236144 0.897865
vt 0.236144 0.800793
vt 0.236144 0.885731
vt 0.236144 0.788659
vt 0.236144 0.873597
vt 0.239177 0.970669
vt 0.236144 0.958535
vt 0.239177 0.776525
vt 0.236144 0.861463
vt 0.236144 0.946401
vt 0.236144 0.849329
vt 0.230077 0.885731
vt 0.230077 0.873597
vt 0.233110 0.970669
vt 0.230077 0.958535
vt 0.233110 0.776525
vt 0.230077 0.788659
vt 0.230077 0.861463
vt 0.230077 0.946401
vt 0.230077 0.849329
vt 0.230077 0.934267
vt 0.230077 0.837195
vt 0.230077 0.922133
vt 0.230077 0.825061
vt 0.230077 0.909999
vt 0.230077 0.812927
vt 0.230077 0.897865
vt 0.230077 0.800793
vt 0.224010 0.837195
vt 0.224010 0.825061
vt 0.224010 0.922133
vt 0.224010 0.909999
vt 0.224010 0.812927
vt 0.224010 0.897865
vt 0.224010 0.800793
vt 0.224010 0.885731
vt 0.224010 0.788659
vt 0.224010 0.873597
vt 0.227043 0.970669
vt 0.224010 0.958535
vt 0.227043 0.776525
vt 0.224010 0.861463
vt 0.224010 0.946401
vt 0.224010 0.849329
vt 0.224010 0.934267
vt 0.220976 0.970669
vt 0.217943 0.958535
vt 0.220976 0.776525
vt 0.217943 0.788659
vt 0.217943 0.873597
vt 0.217943 0.861463
vt 0.217943 0.946401
vt 0.217943 0.849329
vt 0.217943 0.934267
vt 0.217943 0.837195
vt 0.217943 0.922133
vt 0.217943 0.825061
vt 0.217943 0.909999
vt 0.217943 0.812927
vt 0.217943 0.897865
vt 0.217943 0.800793
vt 0.217943 0.885731
vt 0.211876 0.922133
vt 0.211876 0.909999
vt 0.211876 0.825061
vt 0.211876 0.812927
vt 0.211876 0.897865
vt 0.211876 0.800793
vt 0.211876 0.885731
vt 0.211876 0.788659
vt 0.211876 0.873597
vt 0.214909 0.970669
vt 0.211876 0.958535
vt 0.214909 0.776525
vt 0.211876 0.861463
vt 0.211876 0.946401
vt 0.211876 0.849329
vt 0.211876 0.934267
vt 0.211876 0.837195
vt 0.205809 0.873597
vt 0.205809 0.861463
vt 0.205809 0.958535
vt 0.205809 0.946401
vt 0.205809 0.849329
vt 0.205809 0.934267
vt 0.205809 0.837195
vt 0.205809 0.922133
vt 0.205809 0.825061
vt 0.205809 0.909999
vt 0.205809 0.812927
vt 0.205809 0.897865
vt 0.205809 0.800793
vt 0.205809 0.885731
vt 0.205809 0.788659
vt 0.208842 0.970669
vt 0.208842 0.776525
vt 0.202775 0.970669
vt 0.202775 0.776525
s 0
usemtl Material.001
f 1312/1185/739 1311/1186/739 852/1187/739 853/1188/739
f 1309/1189/740 835/1190/740 845/1191/740 846/1192/740
f 1313/1193/741 1312/1185/741 853/1188/741 854/1194/741
f 836/1195/742 1309/1189/742 846/1192/742 847/1196/742
f 1314/1197/743 1313/1193/743 854/1194/743 855/1198/743
f 837/1199/744 836/1195/744 847/1196/744 848/1200/744
f 1306/1201/745 833/1202/745 841/1203/745
f 840/1204/746 1314/1197/746 855/1198/746
f 838/1205/747 837/1199/747 848/1200/747 849/1206/747
f 1307/1207/748 1306/1201/748 841/1203/748 842/1208/748
f 1310/1209/749 838/1205/749 849/1206/749 850/1210/749
f 834/1211/750 1307/1207/750 842/1208/750 843/1212/750
f 839/1213/751 1310/1209/751 850/1210/751 851/1214/751
f 1308/1215/752 834/1211/752 843/1212/752 844/1216/752
f 1311/1186/753 839/1213/753 851/1214/753 852/1187/753
f 835/1190/754 1308/1215/754 844/1216/754 845/1191/754
f 844/1216/755 843/1212/755 858/1217/755 859/1218/755
f 852/1187/756 851/1214/756 866/1219/756 867/1220/756
f 845/1191/757 844/1216/757 859/1218/757 860/1221/757
f 853/1188/758 852/1187/758 867/1220/758 868/1222/758
f 846/1192/759 845/1191/759 860/1221/759 861/1223/759
f 854/1194/760 853/1188/760 868/1222/760 869/1224/760
f 847/1196/761 846/1192/761 861/1223/761 862/1225/761
f 855/1198/762 854/1194/762 869/1224/762 870/1226/762
f 848/1200/763 847/1196/763 862/1225/763 863/1227/763
f 841/1203/764 833/1228/764 856/1229/764
f 840/1230/765 855/1198/765 870/1226/765
f 849/1206/766 848/1200/766 863/1227/766 864/1231/766
f 842/1208/767 841/1203/767 856/1229/767 857/1232/767
f 850/1210/768 849/1206/768 864/1231/768 865/1233/768
f 843/1212/769 842/1208/769 857/1232/769 858/1217/769
f 851/1214/770 850/1210/770 865/1233/770 866/1219/770
f 863/1227/771 862/1225/771 877/1234/771 878/1235/771
f 856/1229/772 833/1236/772 871/1237/772
f 840/1238/773 870/1226/773 885/1239/773
f 864/1231/774 863/1227/774 878/1235/774 879/1240/774
f 857/1232/775 856/1229/775 871/1237/775 872/1241/775
f 865/1233/776 864/1231/776 879/1240/776 880/1242/776
f 858/1217/777 857/1232/777 872/1241/777 873/1243/777
f 866/1219/778 865/1233/778 880/1242/778 881/1244/778
f 859/1218/779 858/1217/779 873/1243/779 874/1245/779
f 867/1220/780 866/1219/780 881/1244/780 882/1246/780
f 860/1221/781 859/1218/781 874/1245/781 875/1247/781
f 868/1222/782 867/1220/782 882/1246/782 883/1248/782
f 861/1223/783 860/1221/783 875/1247/783 876/1249/783
f 869/1224/784 868/1222/784 883/1248/784 884/1250/784
f 862/1225/785 861/1223/785 876/1249/785 877/1234/785
f 870/1226/786 869/1224/786 884/1250/786 885/1239/786
f 882/1246/787 881/1244/787 896/1251/787 897/1252/787
f 875/1247/788 874/1245/788 889/1253/788 890/1254/788
f 883/1248/789 882/1246/789 897/1252/789 898/1255/789
f 876/1249/790 875/1247/790 890/1254/790 891/1256/790
f 884/1250/791 883/1248/791 898/1255/791 899/1257/791
f 877/1234/792 876/1249/792 891/1256/792 892/1258/792
f 885/1239/793 884/1250/793 899/1257/793 900/1259/793
f 878/1235/794 877/1234/794 892/1258/794 893/1260/794
f 871/1237/795 833/1261/795 886/1262/795
f 840/1263/796 885/1239/796 900/1259/796
f 879/1240/797 878/1235/797 893/1260/797 894/1264/797
f 872/1241/798 871/1237/798 886/1262/798 887/1265/798
f 880/1242/799 879/1240/799 894/1264/799 895/1266/799
f 873/1243/800 872/1241/800 887/1265/800 888/1267/800
f 881/1244/801 880/1242/801 895/1266/801 896/1251/801
f 874/1245/802 873/1243/802 888/1267/802 889/1253/802
f 840/1268/803 900/1259/803 915/1269/803
f 894/1264/804 893/1260/804 908/1270/804 909/1271/804
f 887/1265/805 886/1262/805 901/1272/805 902/1273/805
f 895/1266/806 894/1264/806 909/1271/806 910/1274/806
f 888/1267/807 887/1265/807 902/1273/807 903/1275/807
f 896/1251/808 895/1266/808 910/1274/808 911/1276/808
f 889/1253/809 888/1267/809 903/1275/809 904/1277/809
f 897/1252/810 896/1251/810 911/1276/810 912/1278/810
f 890/1254/811 889/1253/811 904/1277/811 905/1279/811
f 898/1255/812 897/1252/812 912/1278/812 913/1280/812
f 891/1256/813 890/1254/813 905/1279/813 906/1281/813
f 899/1257/814 898/1255/814 913/1280/814 914/1282/814
f 892/1258/815 891/1256/815 906/1281/815 907/1283/815
f 900/1259/816 899/1257/816 914/1282/816 915/1269/816
f 893/1260/817 892/1258/817 907/1283/817 908/1270/817
f 886/1262/818 833/1284/818 901/1272/818
f 913/1280/819 912/1278/819 927/1285/819 928/1286/819
f 906/1281/820 905/1279/820 920/1287/820 921/1288/820
f 914/1282/821 913/1280/821 928/1286/821 929/1289/821
f 907/1283/822 906/1281/822 921/1288/822 922/1290/822
f 915/1269/823 914/1282/823 929/1289/823 930/1291/823
f 908/1270/824 907/1283/824 922/1290/824 923/1292/824
f 901/1272/825 833/1293/825 916/1294/825
f 840/1295/826 915/1269/826 930/1291/826
f 909/1271/827 908/1270/827 923/1292/827 924/1296/827
f 902/1273/828 901/1272/828 916/1294/828 917/1297/828
f 910/1274/829 909/1271/829 924/1296/829 925/1298/829
f 903/1275/830 902/1273/830 917/1297/830 918/1299/830
f 911/1276/831 910/1274/831 925/1298/831 926/1300/831
f 904/1277/832 903/1275/832 918/1299/832 919/1301/832
f 912/1278/833 911/1276/833 926/1300/833 927/1285/833
f 905/1279/834 904/1277/834 919/1301/834 920/1287/834
f 917/1297/835 916/1294/835 931/1302/835 932/1303/835
f 925/1298/836 924/1296/836 939/1304/836 940/1305/836
f 918/1299/837 917/1297/837 932/1303/837 933/1306/837
f 926/1300/838 925/1298/838 940/1305/838 941/1307/838
f 919/1301/839 918/1299/839 933/1306/839 934/1308/839
f 927/1285/840 926/1300/840 941/1307/840 942/1309/840
f 920/1287/841 919/1301/841 934/1308/841 935/1310/841
f 928/1286/842 927/1285/842 942/1309/842 943/1311/842
f 921/1288/843 920/1287/843 935/1310/843 936/1312/843
f 929/1289/844 928/1286/844 943/1311/844 944/1313/844
f 922/1290/845 921/1288/845 936/1312/845 937/1314/845
f 930/1291/846 929/1289/846 944/1313/846 945/1315/846
f 923/1292/847 922/1290/847 937/1314/847 938/1316/847
f 916/1294/848 833/1317/848 931/1302/848
f 840/1318/849 930/1291/849 945/1315/849
f 924/1296/850 923/1292/850 938/1316/850 939/1304/850
f 936/1312/851 935/1310/851 950/1319/851 951/1320/851
f 944/1313/852 943/1311/852 958/1321/852 959/1322/852
f 937/1314/853 936/1312/853 951/1320/853 952/1323/853
f 945/1315/854 944/1313/854 959/1322/854 960/1324/854
f 938/1316/855 937/1314/855 952/1323/855 953/1325/855
f 931/1302/856 833/1326/856 946/1327/856
f 840/1328/857 945/1315/857 960/1324/857
f 939/1304/858 938/1316/858 953/1325/858 954/1329/858
f 932/1303/859 931/1302/859 946/1327/859 947/1330/859
f 940/1305/860 939/1304/860 954/1329/860 955/1331/860
f 933/1306/861 932/1303/861 947/1330/861 948/1332/861
f 941/1307/862 940/1305/862 955/1331/862 956/1333/862
f 934/1308/863 933/1306/863 948/1332/863 949/1334/863
f 942/1309/864 941/1307/864 956/1333/864 957/1335/864
f 935/1310/865 934/1308/865 949/1334/865 950/1319/865
f 943/1311/866 942/1309/866 957/1335/866 958/1321/866
f 955/1331/867 954/1329/867 969/1336/867 970/1337/867
f 948/1332/868 947/1330/868 962/1338/868 963/1339/868
f 956/1333/869 955/1331/869 970/1337/869 971/1340/869
f 949/1334/870 948/1332/870 963/1339/870 964/1341/870
f 957/1335/871 956/1333/871 971/1340/871 972/1342/871
f 950/1319/872 949/1334/872 964/1341/872 965/1343/872
f 958/1321/873 957/1335/873 972/1342/873 973/1344/873
f 951/1320/874 950/1319/874 965/1343/874 966/1345/874
f 959/1322/875 958/1321/875 973/1344/875 974/1346/875
f 952/1323/876 951/1320/876 966/1345/876 967/1347/876
f 960/1324/877 959/1322/877 974/1346/877 975/1348/877
f 953/1325/878 952/1323/878 967/1347/878 968/1349/878
f 946/1327/879 833/1350/879 961/1351/879
f 840/1352/880 960/1324/880 975/1348/880
f 954/1329/881 953/1325/881 968/1349/881 969/1336/881
f 947/1330/882 946/1327/882 961/1351/882 962/1338/882
f 974/1346/883 973/1344/883 988/1353/883 989/1354/883
f 967/1347/884 966/1345/884 981/1355/884 982/1356/884
f 975/1348/885 974/1346/885 989/1354/885 990/1357/885
f 968/1349/886 967/1347/886 982/1356/886 983/1358/886
f 961/1351/887 833/1359/887 976/1360/887
f 840/1361/888 975/1348/888 990/1357/888
f 969/1336/889 968/1349/889 983/1358/889 984/1362/889
f 962/1338/890 961/1351/890 976/1360/890 977/1363/890
f 970/1337/891 969/1336/891 984/1362/891 985/1364/891
f 963/1339/892 962/1338/892 977/1363/892 978/1365/892
f 971/1340/893 970/1337/893 985/1364/893 986/1366/893
f 964/1341/894 963/1339/894 978/1365/894 979/1367/894
f 972/1342/895 971/1340/895 986/1366/895 987/1368/895
f 965/1343/896 964/1341/896 979/1367/896 980/1369/896
f 973/1344/897 972/1342/897 987/1368/897 988/1353/897
f 966/1345/898 965/1343/898 980/1369/898 981/1355/898
f 978/1365/899 977/1363/899 992/1370/899 993/1371/899
f 986/1366/900 985/1364/900 1000/1372/900 1001/1373/900
f 979/1367/901 978/1365/901 993/1371/901 994/1374/901
f 987/1368/902 986/1366/902 1001/1373/902 1002/1375/902
f 980/1369/903 979/1367/903 994/1374/903 995/1376/903
f 988/1353/904 987/1368/904 1002/1375/904 1003/1377/904
f 981/1355/905 980/1369/905 995/1376/905 996/1378/905
f 989/1354/906 988/1353/906 1003/1377/906 1004/1379/906
f 982/1356/907 981/1355/907 996/1378/907 997/1380/907
f 990/1357/908 989/1354/908 1004/1379/908 1005/1381/908
f 983/1358/909 982/1356/909 997/1380/909 998/1382/909
f 976/1360/910 833/1383/910 991/1384/910
f 840/1385/911 990/1357/911 1005/1381/911
f 984/1362/912 983/1358/912 998/1382/912 999/1386/912
f 977/1363/913 976/1360/913 991/1384/913 992/1370/913
f 985/1364/914 984/1362/914 999/1386/914 1000/1372/914
f 997/1380/915 996/1378/915 1011/1387/915 1012/1388/915
f 1005/1381/916 1004/1379/916 1019/1389/916 1020/1390/916
f 998/1382/917 997/1380/917 1012/1388/917 1013/1391/917
f 991/1384/918 833/1392/918 1006/1393/918
f 840/1394/919 1005/1381/919 1020/1390/919
f 999/1386/920 998/1382/920 1013/1391/920 1014/1395/920
f 992/1370/921 991/1384/921 1006/1393/921 1007/1396/921
f 1000/1372/922 999/1386/922 1014/1395/922 1015/1397/922
f 993/1371/923 992/1370/923 1007/1396/923 1008/1398/923
f 1001/1373/924 1000/1372/924 1015/1397/924 1016/1399/924
f 994/1374/925 993/1371/925 1008/1398/925 1009/1400/925
f 1002/1375/926 1001/1373/926 1016/1399/926 1017/1401/926
f 995/1376/927 994/1374/927 1009/1400/927 1010/1402/927
f 1003/1377/928 1002/1375/928 1017/1401/928 1018/1403/928
f 996/1378/929 995/1376/929 1010/1402/929 1011/1387/929
f 1004/1379/930 1003/1377/930 1018/1403/930 1019/1389/930
f 1016/1399/931 1015/1397/931 1030/1404/931 1031/1405/931
f 1009/1400/932 1008/1398/932 1023/1406/932 1024/1407/932
f 1017/1401/933 1016/1399/933 1031/1405/933 1032/1408/933
f 1010/1402/934 1009/1400/934 1024/1407/934 1025/1409/934
f 1018/1403/935 1017/1401/935 1032/1408/935 1033/1410/935
f 1011/1387/936 1010/1402/936 1025/1409/936 1026/1411/936
f 1019/1389/937 1018/1403/937 1033/1410/937 1034/1412/937
f 1012/1388/938 1011/1387/938 1026/1411/938 1027/1413/938
f 1020/1390/939 1019/1389/939 1034/1412/939 1035/1414/939
f 1013/1391/940 1012/1388/940 1027/1413/940 1028/1415/940
f 1006/1393/941 833/1416/941 1021/1417/941
f 840/1418/942 1020/1390/942 1035/1414/942
f 1014/1395/943 1013/1391/943 1028/1415/943 1029/1419/943
f 1007/1396/944 1006/1393/944 1021/1417/944 1022/1420/944
f 1015/1397/945 1014/1395/945 1029/1419/945 1030/1404/945
f 1008/1398/946 1007/1396/946 1022/1420/946 1023/1406/946
f 1035/1414/947 1034/1412/947 1049/1421/947 1050/1422/947
f 1028/1415/948 1027/1413/948 1042/1423/948 1043/1424/948
f 1021/1417/949 833/1425/949 1036/1426/949
f 840/1427/950 1035/1414/950 1050/1422/950
f 1029/1419/951 1028/1415/951 1043/1424/951 1044/1428/951
f 1022/1420/952 1021/1417/952 1036/1426/952 1037/1429/952
f 1030/1404/953 1029/1419/953 1044/1428/953 1045/1430/953
f 1023/1406/954 1022/1420/954 1037/1429/954 1038/1431/954
f 1031/1405/955 1030/1404/955 1045/1430/955 1046/1432/955
f 1024/1407/956 1023/1406/956 1038/1431/956 1039/1433/956
f 1032/1408/957 1031/1405/957 1046/1432/957 1047/1434/957
f 1025/1409/958 1024/1407/958 1039/1433/958 1040/1435/958
f 1033/1410/959 1032/1408/959 1047/1434/959 1048/1436/959
f 1026/1411/960 1025/1409/960 1040/1435/960 1041/1437/960
f 1034/1412/961 1033/1410/961 1048/1436/961 1049/1421/961
f 1027/1413/962 1026/1411/962 1041/1437/962 1042/1423/962
f 1047/1434/963 1046/1432/963 1061/1438/963 1062/1439/963
f 1040/1435/964 1039/1433/964 1054/1440/964 1055/1441/964
f 1048/1436/965 1047/1434/965 1062/1439/965 1063/1442/965
f 1041/1437/966 1040/1435/966 1055/1441/966 1056/1443/966
f 1049/1421/967 1048/1436/967 1063/1442/967 1064/1444/967
f 1042/1423/968 1041/1437/968 1056/1443/968 1057/1445/968
f 1050/1422/969 1049/1421/969 1064/1444/969 1065/1446/969
f 1043/1424/970 1042/1423/970 1057/1445/970 1058/1447/970
f 1036/1426/971 833/1448/971 1051/1449/971
f 840/1450/972 1050/1422/972 1065/1446/972
f 1044/1428/973 1043/1424/973 1058/1447/973 1059/1451/973
f 1037/1429/974 1036/1426/974 1051/1449/974 1052/1452/974
f 1045/1430/975 1044/1428/975 1059/1451/975 1060/1453/975
f 1038/1431/976 1037/1429/976 1052/1452/976 1053/1454/976
f 1046/1432/977 1045/1430/977 1060/1453/977 1061/1438/977
f 1039/1433/978 1038/1431/978 1053/1454/978 1054/1440/978
f 1051/1449/979 833/1455/979 1066/1456/979
f 840/1457/980 1065/1446/980 1080/1458/980
f 1059/1451/981 1058/1447/981 1073/1459/981 1074/1460/981
f 1052/1452/982 1051/1449/982 1066/1456/982 1067/1461/982
f 1060/1453/983 1059/1451/983 1074/1460/983 1075/1462/983
f 1053/1454/984 1052/1452/984 1067/1461/984 1068/1463/984
f 1061/1438/985 1060/1453/985 1075/1462/985 1076/1464/985
f 1054/1440/986 1053/1454/986 1068/1463/986 1069/1465/986
f 1062/1439/987 1061/1438/987 1076/1464/987 1077/1466/987
f 1055/1441/988 1054/1440/988 1069/1465/988 1070/1467/988
f 1063/1442/989 1062/1439/989 1077/1466/989 1078/1468/989
f 1056/1443/990 1055/1441/990 1070/1467/990 1071/1469/990
f 1064/1444/991 1063/1442/991 1078/1468/991 1079/1470/991
f 1057/1445/992 1056/1443/992 1071/1469/992 1072/1471/992
f 1065/1446/993 1064/1444/993 1079/1470/993 1080/1458/993
f 1058/1447/994 1057/1445/994 1072/1471/994 1073/1459/994
f 1070/1467/995 1069/1465/995 1084/1472/995 1085/1473/995
f 1078/1468/996 1077/1466/996 1092/1474/996 1093/1475/996
f 1071/1469/997 1070/1467/997 1085/1473/997 1086/1476/997
f 1079/1470/998 1078/1468/998 1093/1475/998 1094/1477/998
f 1072/1471/999 1071/1469/999 1086/1476/999 1087/1478/999
f 1080/1458/1000 1079/1470/1000 1094/1477/1000 1095/1479/1000
f 1073/1459/1001 1072/1471/1001 1087/1478/1001 1088/1480/1001
f 1066/1456/1002 833/1481/1002 1081/1482/1002
f 840/1483/1003 1080/1458/1003 1095/1479/1003
f 1074/1460/1004 1073/1459/1004 1088/1480/1004 1089/1484/1004
f 1067/1461/1005 1066/1456/1005 1081/1482/1005 1082/1485/1005
f 1075/1462/1006 1074/1460/1006 1089/1484/1006 1090/1486/1006
f 1068/1463/1007 1067/1461/1007 1082/1485/1007 1083/1487/1007
f 1076/1464/1008 1075/1462/1008 1090/1486/1008 1091/1488/1008
f 1069/1465/1009 1068/1463/1009 1083/1487/1009 1084/1472/1009
f 1077/1466/1010 1076/1464/1010 1091/1488/1010 1092/1474/1010
f 1089/1484/1011 1088/1480/1011 1103/1489/1011 1104/1490/1011
f 1082/1485/1012 1081/1482/1012 1096/1491/1012 1097/1492/1012
f 1090/1486/1013 1089/1484/1013 1104/1490/1013 1105/1493/1013
f 1083/1487/1014 1082/1485/1014 1097/1492/1014 1098/1494/1014
f 1091/1488/1015 1090/1486/1015 1105/1493/1015 1106/1495/1015
f 1084/1472/1016 1083/1487/1016 1098/1494/1016 1099/1496/1016
f 1092/1474/1017 1091/1488/1017 1106/1495/1017 1107/1497/1017
f 1085/1473/1018 1084/1472/1018 1099/1496/1018 1100/1498/1018
f 1093/1475/1019 1092/1474/1019 1107/1497/1019 1108/1499/1019
f 1086/1476/1020 1085/1473/1020 1100/1498/1020 1101/1500/1020
f 1094/1477/1021 1093/1475/1021 1108/1499/1021 1109/1501/1021
f 1087/1478/1022 1086/1476/1022 1101/1500/1022 1102/1502/1022
f 1095/1479/1023 1094/1477/1023 1109/1501/1023 1110/1503/1023
f 1088/1480/1024 1087/1478/1024 1102/1502/1024 1103/1489/1024
f 1081/1482/1025 833/1504/1025 1096/1491/1025
f 840/1505/1026 1095/1479/1026 1110/1503/1026
f 1108/1499/1027 1107/1497/1027 1122/1506/1027 1123/1507/1027
f 1101/1500/1028 1100/1498/1028 1115/1508/1028 1116/1509/1028
f 1109/1501/1029 1108/1499/1029 1123/1507/1029 1124/1510/1029
f 1102/1502/1030 1101/1500/1030 1116/1509/1030 1117/1511/1030
f 1110/1503/1031 1109/1501/1031 1124/1510/1031 1125/1512/1031
f 1103/1489/1032 1102/1502/1032 1117/1511/1032 1118/1513/1032
f 1096/1491/1033 833/1514/1033 1111/1515/1033
f 840/1516/1034 1110/1503/1034 1125/1512/1034
f 1104/1490/1035 1103/1489/1035 1118/1513/1035 1119/1517/1035
f 1097/1492/1036 1096/1491/1036 1111/1515/1036 1112/1518/1036
f 1105/1493/1037 1104/1490/1037 1119/1517/1037 1120/1519/1037
f 1098/1494/1038 1097/1492/1038 1112/1518/1038 1113/1520/1038
f 1106/1495/1039 1105/1493/1039 1120/1519/1039 1121/1521/1039
f 1099/1496/1040 1098/1494/1040 1113/1520/1040 1114/1522/1040
f 1107/1497/1041 1106/1495/1041 1121/1521/1041 1122/1506/1041
f 1100/1498/1042 1099/1496/1042 1114/1522/1042 1115/1508/1042
f 1112/1518/1043 1111/1515/1043 1126/1523/1043 1127/1524/1043
f 1120/1519/1044 1119/1517/1044 1134/1525/1044 1135/1526/1044
f 1113/1520/1045 1112/1518/1045 1127/1524/1045 1128/1527/1045
f 1121/1521/1046 1120/1519/1046 1135/1526/1046 1136/1528/1046
f 1114/1522/1047 1113/1520/1047 1128/1527/1047 1129/1529/1047
f 1122/1506/1048 1121/1521/1048 1136/1528/1048 1137/1530/1048
f 1115/1508/1049 1114/1522/1049 1129/1529/1049 1130/1531/1049
f 1123/1507/1050 1122/1506/1050 1137/1530/1050 1138/1532/1050
f 1116/1509/1051 1115/1508/1051 1130/1531/1051 1131/1533/1051
f 1124/1510/1052 1123/1507/1052 1138/1532/1052 1139/1534/1052
f 1117/1511/1053 1116/1509/1053 1131/1533/1053 1132/1535/1053
f 1125/1512/1054 1124/1510/1054 1139/1534/1054 1140/1536/1054
f 1118/1513/1055 1117/1511/1055 1132/1535/1055 1133/1537/1055
f 1111/1515/1056 833/1538/1056 1126/1523/1056
f 840/1539/1057 1125/1512/1057 1140/1536/1057
f 1119/1517/1058 1118/1513/1058 1133/1537/1058 1134/1525/1058
f 1131/1533/1059 1130/1531/1059 1145/1540/1059 1146/1541/1059
f 1139/1534/1060 1138/1532/1060 1153/1542/1060 1154/1543/1060
f 1132/1535/1061 1131/1533/1061 1146/1541/1061 1147/1544/1061
f 1140/1536/1062 1139/1534/1062 1154/1543/1062 1155/1545/1062
f 1133/1537/1063 1132/1535/1063 1147/1544/1063 1148/1546/1063
f 1126/1523/1064 833/1547/1064 1141/1548/1064
f 840/1549/1065 1140/1536/1065 1155/1545/1065
f 1134/1525/1066 1133/1537/1066 1148/1546/1066 1149/1550/1066
f 1127/1524/1067 1126/1523/1067 1141/1548/1067 1142/1551/1067
f 1135/1526/1068 1134/1525/1068 1149/1550/1068 1150/1552/1068
f 1128/1527/1069 1127/1524/1069 1142/1551/1069 1143/1553/1069
f 1136/1528/1070 1135/1526/1070 1150/1552/1070 1151/1554/1070
f 1129/1529/1071 1128/1527/1071 1143/1553/1071 1144/1555/1071
f 1137/1530/1072 1136/1528/1072 1151/1554/1072 1152/1556/1072
f 1130/1531/1073 1129/1529/1073 1144/1555/1073 1145/1540/1073
f 1138/1532/1074 1137/1530/1074 1152/1556/1074 1153/1542/1074
f 1150/1552/1075 1149/1550/1075 1164/1557/1075 1165/1558/1075
f 1143/1553/1076 1142/1551/1076 1157/1559/1076 1158/1560/1076
f 1151/1554/1077 1150/1552/1077 1165/1558/1077 1166/1561/1077
f 1144/1555/1078 1143/1553/1078 1158/1560/1078 1159/1562/1078
f 1152/1556/1079 1151/1554/1079 1166/1561/1079 1167/1563/1079
f 1145/1540/1080 1144/1555/1080 1159/1562/1080 1160/1564/1080
f 1153/1542/1081 1152/1556/1081 1167/1563/1081 1168/1565/1081
f 1146/1541/1082 1145/1540/1082 1160/1564/1082 1161/1566/1082
f 1154/1543/1083 1153/1542/1083 1168/1565/1083 1169/1567/1083
f 1147/1544/1084 1146/1541/1084 1161/1566/1084 1162/1568/1084
f 1155/1545/1085 1154/1543/1085 1169/1567/1085 1170/1569/1085
f 1148/1546/1086 1147/1544/1086 1162/1568/1086 1163/1570/1086
f 1141/1548/1087 833/1571/1087 1156/1572/1087
f 840/1573/1088 1155/1545/1088 1170/1569/1088
f 1149/1550/1089 1148/1546/1089 1163/1570/1089 1164/1557/1089
f 1142/1551/1090 1141/1548/1090 1156/1572/1090 1157/1559/1090
f 1169/1567/1091 1168/1565/1091 1183/1574/1091 1184/1575/1091
f 1162/1568/1092 1161/1566/1092 1176/1576/1092 1177/1577/1092
f 1170/1569/1093 1169/1567/1093 1184/1575/1093 1185/1578/1093
f 1163/1570/1094 1162/1568/1094 1177/1577/1094 1178/1579/1094
f 1156/1572/1095 833/1580/1095 1171/1581/1095
f 840/1582/1096 1170/1569/1096 1185/1578/1096
f 1164/1557/1097 1163/1570/1097 1178/1579/1097 1179/1583/1097
f 1157/1559/1098 1156/1572/1098 1171/1581/1098 1172/1584/1098
f 1165/1558/1099 1164/1557/1099 1179/1583/1099 1180/1585/1099
f 1158/1560/1100 1157/1559/1100 1172/1584/1100 1173/1586/1100
f 1166/1561/1101 1165/1558/1101 1180/1585/1101 1181/1587/1101
f 1159/1562/1102 1158/1560/1102 1173/1586/1102 1174/1588/1102
f 1167/1563/1103 1166/1561/1103 1181/1587/1103 1182/1589/1103
f 1160/1564/1104 1159/1562/1104 1174/1588/1104 1175/1590/1104
f 1168/1565/1105 1167/1563/1105 1182/1589/1105 1183/1574/1105
f 1161/1566/1106 1160/1564/1106 1175/1590/1106 1176/1576/1106
f 1181/1587/1107 1180/1585/1107 1195/1591/1107 1196/1592/1107
f 1174/1588/1108 1173/1586/1108 1188/1593/1108 1189/1594/1108
f 1182/1589/1109 1181/1587/1109 1196/1592/1109 1197/1595/1109
f 1175/1590/1110 1174/1588/1110 1189/1594/1110 1190/1596/1110
f 1183/1574/1111 1182/1589/1111 1197/1595/1111 1198/1597/1111
f 1176/1576/1112 1175/1590/1112 1190/1596/1112 1191/1598/1112
f 1184/1575/1113 1183/1574/1113 1198/1597/1113 1199/1599/1113
f 1177/1577/1114 1176/1576/1114 1191/1598/1114 1192/1600/1114
f 1185/1578/1115 1184/1575/1115 1199/1599/1115 1200/1601/1115
f 1178/1579/1116 1177/1577/1116 1192/1600/1116 1193/1602/1116
f 1171/1581/1117 833/1603/1117 1186/1604/1117
f 840/1605/1118 1185/1578/1118 1200/1601/1118
f 1179/1583/1119 1178/1579/1119 1193/1602/1119 1194/1606/1119
f 1172/1584/1120 1171/1581/1120 1186/1604/1120 1187/1607/1120
f 1180/1585/1121 1179/1583/1121 1194/1606/1121 1195/1591/1121
f 1173/1586/1122 1172/1584/1122 1187/1607/1122 1188/1593/1122
f 1200/1608/1123 1199/1609/1123 1214/1610/1123 1215/1611/1123
f 1193/1612/1124 1192/1613/1124 1207/1614/1124 1208/1615/1124
f 1186/1616/1125 833/1617/1125 1201/1618/1125
f 840/1619/1126 1200/1608/1126 1215/1611/1126
f 1194/1620/1127 1193/1612/1127 1208/1615/1127 1209/1621/1127
f 1187/1622/1128 1186/1616/1128 1201/1618/1128 1202/1623/1128
f 1195/1624/1129 1194/1620/1129 1209/1621/1129 1210/1625/1129
f 1188/1626/1130 1187/1622/1130 1202/1623/1130 1203/1627/1130
f 1196/1628/1131 1195/1624/1131 1210/1625/1131 1211/1629/1131
f 1189/1630/1132 1188/1626/1132 1203/1627/1132 1204/1631/1132
f 1197/1632/1133 1196/1628/1133 1211/1629/1133 1212/1633/1133
f 1190/1634/1134 1189/1630/1134 1204/1631/1134 1205/1635/1134
f 1198/1636/1135 1197/1632/1135 1212/1633/1135 1213/1637/1135
f 1191/1638/1136 1190/1634/1136 1205/1635/1136 1206/1639/1136
f 1199/1609/1137 1198/1636/1137 1213/1637/1137 1214/1610/1137
f 1192/1613/1138 1191/1638/1138 1206/1639/1138 1207/1614/1138
f 1204/1631/1139 1203/1627/1139 1218/1640/1139 1219/1641/1139
f 1212/1633/1140 1211/1629/1140 1226/1642/1140 1227/1643/1140
f 1205/1635/1141 1204/1631/1141 1219/1641/1141 1220/1644/1141
f 1213/1637/1142 1212/1633/1142 1227/1643/1142 1228/1645/1142
f 1206/1639/1143 1205/1635/1143 1220/1644/1143 1221/1646/1143
f 1214/1610/1144 1213/1637/1144 1228/1645/1144 1229/1647/1144
f 1207/1614/1145 1206/1639/1145 1221/1646/1145 1222/1648/1145
f 1215/1611/1146 1214/1610/1146 1229/1647/1146 1230/1649/1146
f 1208/1615/1147 1207/1614/1147 1222/1648/1147 1223/1650/1147
f 1201/1618/1148 833/1651/1148 1216/1652/1148
f 840/1653/1149 1215/1611/1149 1230/1649/1149
f 1209/1621/1150 1208/1615/1150 1223/1650/1150 1224/1654/1150
f 1202/1623/1151 1201/1618/1151 1216/1652/1151 1217/1655/1151
f 1210/1625/1152 1209/1621/1152 1224/1654/1152 1225/1656/1152
f 1203/1627/1153 1202/1623/1153 1217/1655/1153 1218/1640/1153
f 1211/1629/1154 1210/1625/1154 1225/1656/1154 1226/1642/1154
f 1223/1650/1155 1222/1648/1155 1237/1657/1155 1238/1658/1155
f 1216/1652/1156 833/1659/1156 1231/1660/1156
f 840/1661/1157 1230/1649/1157 1245/1662/1157
f 1224/1654/1158 1223/1650/1158 1238/1658/1158 1239/1663/1158
f 1217/1655/1159 1216/1652/1159 1231/1660/1159 1232/1664/1159
f 1225/1656/1160 1224/1654/1160 1239/1663/1160 1240/1665/1160
f 1218/1640/1161 1217/1655/1161 1232/1664/1161 1233/1666/1161
f 1226/1642/1162 1225/1656/1162 1240/1665/1162 1241/1667/1162
f 1219/1641/1163 1218/1640/1163 1233/1666/1163 1234/1668/1163
f 1227/1643/1164 1226/1642/1164 1241/1667/1164 1242/1669/1164
f 1220/1644/1165 1219/1641/1165 1234/1668/1165 1235/1670/1165
f 1228/1645/1166 1227/1643/1166 1242/1669/1166 1243/1671/1166
f 1221/1646/1167 1220/1644/1167 1235/1670/1167 1236/1672/1167
f 1229/1647/1168 1228/1645/1168 1243/1671/1168 1244/1673/1168
f 1222/1648/1169 1221/1646/1169 1236/1672/1169 1237/1657/1169
f 1230/1649/1170 1229/1647/1170 1244/1673/1170 1245/1662/1170
f 1242/1669/1171 1241/1667/1171 1256/1674/1171 1257/1675/1171
f 1235/1670/1172 1234/1668/1172 1249/1676/1172 1250/1677/1172
f 1243/1671/1173 1242/1669/1173 1257/1675/1173 1258/1678/1173
f 1236/1672/1174 1235/1670/1174 1250/1677/1174 1251/1679/1174
f 1244/1673/1175 1243/1671/1175 1258/1678/1175 1259/1680/1175
f 1237/1657/1176 1236/1672/1176 1251/1679/1176 1252/1681/1176
f 1245/1662/1177 1244/1673/1177 1259/1680/1177 1260/1682/1177
f 1238/1658/1178 1237/1657/1178 1252/1681/1178 1253/1683/1178
f 1231/1660/1179 833/1684/1179 1246/1685/1179
f 840/1686/1180 1245/1662/1180 1260/1682/1180
f 1239/1663/1181 1238/1658/1181 1253/1683/1181 1254/1687/1181
f 1232/1664/1182 1231/1660/1182 1246/1685/1182 1247/1688/1182
f 1240/1665/1183 1239/1663/1183 1254/1687/1183 1255/1689/1183
f 1233/1666/1184 1232/1664/1184 1247/1688/1184 1248/1690/1184
f 1241/1667/1185 1240/1665/1185 1255/1689/1185 1256/1674/1185
f 1234/1668/1186 1233/1666/1186 1248/1690/1186 1249/1676/1186
f 1246/1685/1187 833/1691/1187 1261/1692/1187
f 840/1693/1188 1260/1682/1188 1275/1694/1188
f 1254/1687/1189 1253/1683/1189 1268/1695/1189 1269/1696/1189
f 1247/1688/1190 1246/1685/1190 1261/1692/1190 1262/1697/1190
f 1255/1689/1191 1254/1687/1191 1269/1696/1191 1270/1698/1191
f 1248/1690/1192 1247/1688/1192 1262/1697/1192 1263/1699/1192
f 1256/1674/1193 1255/1689/1193 1270/1698/1193 1271/1700/1193
f 1249/1676/1194 1248/1690/1194 1263/1699/1194 1264/1701/1194
f 1257/1675/1195 1256/1674/1195 1271/1700/1195 1272/1702/1195
f 1250/1677/1196 1249/1676/1196 1264/1701/1196 1265/1703/1196
f 1258/1678/1197 1257/1675/1197 1272/1702/1197 1273/1704/1197
f 1251/1679/1198 1250/1677/1198 1265/1703/1198 1266/1705/1198
f 1259/1680/1199 1258/1678/1199 1273/1704/1199 1274/1706/1199
f 1252/1681/1200 1251/1679/1200 1266/1705/1200 1267/1707/1200
f 1260/1682/1201 1259/1680/1201 1274/1706/1201 1275/1694/1201
f 1253/1683/1202 1252/1681/1202 1267/1707/1202 1268/1695/1202
f 1265/1703/1203 1264/1701/1203 1279/1708/1203 1280/1709/1203
f 1273/1704/1204 1272/1702/1204 1287/1710/1204 1288/1711/1204
f 1266/1705/1205 1265/1703/1205 1280/1709/1205 1281/1712/1205
f 1274/1706/1206 1273/1704/1206 1288/1711/1206 1289/1713/1206
f 1267/1707/1207 1266/1705/1207 1281/1712/1207 1282/1714/1207
f 1275/1694/1208 1274/1706/1208 1289/1713/1208 1290/1715/1208
f 1268/1695/1209 1267/1707/1209 1282/1714/1209 1283/1716/1209
f 1261/1692/1210 833/1717/1210 1276/1718/1210
f 840/1719/1211 1275/1694/1211 1290/1715/1211
f 1269/1696/1212 1268/1695/1212 1283/1716/1212 1284/1720/1212
f 1262/1697/1213 1261/1692/1213 1276/1718/1213 1277/1721/1213
f 1270/1698/1214 1269/1696/1214 1284/1720/1214 1285/1722/1214
f 1263/1699/1215 1262/1697/1215 1277/1721/1215 1278/1723/1215
f 1271/1700/1216 1270/1698/1216 1285/1722/1216 1286/1724/1216
f 1264/1701/1217 1263/1699/1217 1278/1723/1217 1279/1708/1217
f 1272/1702/1218 1271/1700/1218 1286/1724/1218 1287/1710/1218
f 1284/1720/1219 1283/1716/1219 1298/1725/1219 1299/1726/1219
f 1277/1721/1220 1276/1718/1220 1291/1727/1220 1292/1728/1220
f 1285/1722/1221 1284/1720/1221 1299/1726/1221 1300/1729/1221
f 1278/1723/1222 1277/1721/1222 1292/1728/1222 1293/1730/1222
f 1286/1724/1223 1285/1722/1223 1300/1729/1223 1301/1731/1223
f 1279/1708/1224 1278/1723/1224 1293/1730/1224 1294/1732/1224
f 1287/1710/1225 1286/1724/1225 1301/1731/1225 1302/1733/1225
f 1280/1709/1226 1279/1708/1226 1294/1732/1226 1295/1734/1226
f 1288/1711/1227 1287/1710/1227 1302/1733/1227 1303/1735/1227
f 1281/1712/1228 1280/1709/1228 1295/1734/1228 1296/1736/1228
f 1289/1713/1229 1288/1711/1229 1303/1735/1229 1304/1737/1229
f 1282/1714/1230 1281/1712/1230 1296/1736/1230 1297/1738/1230
f 1290/1715/1231 1289/1713/1231 1304/1737/1231 1305/1739/1231
f 1283/1716/1232 1282/1714/1232 1297/1738/1232 1298/1725/1232
f 1276/1718/1233 833/1740/1233 1291/1727/1233
f 840/1741/1234 1290/1715/1234 1305/1739/1234
f 1303/1735/1235 1302/1733/1235 1311/1186/1235 1312/1185/1235
f 1296/1736/1236 1295/1734/1236 835/1190/1236 1309/1189/1236
f 1304/1737/1237 1303/1735/1237 1312/1185/1237 1313/1193/1237
f 1297/1738/1238 1296/1736/1238 1309/1189/1238 836/1195/1238
f 1305/1739/1239 1304/1737/1239 1313/1193/1239 1314/1197/1239
f 1298/1725/1240 1297/1738/1240 836/1195/1240 837/1199/1240
f 1291/1727/1241 833/1742/1241 1306/1201/1241
f 840/1743/1242 1305/1739/1242 1314/1197/1242
f 1299/1726/1243 1298/1725/1243 837/1199/1243 838/1205/1243
f 1292/1728/1244 1291/1727/1244 1306/1201/1244 1307/1207/1244
f 1300/1729/1245 1299/1726/1245 838/1205/1245 1310/1209/1245
f 1293/1730/1246 1292/1728/1246 1307/1207/1246 834/1211/1246
f 1301/1731/1247 1300/1729/1247 1310/1209/1247 839/1213/1247
f 1294/1732/1248 1293/1730/1248 834/1211/1248 1308/1215/1248
f 1302/1733/1249 1301/1731/1249 839/1213/1249 1311/1186/1249
f 1295/1734/1250 1294/1732/1250 1308/1215/1250 835/1190/1250
